source,sumlevel,geoid,name,st,T18C_est1,T18C_est2,T18C_est3,T18C_est4,T18C_est5,T18C_est6,T18C_est7,T18C_est8,T18C_est9,T18C_est10,T18C_est11,T18C_est12,T18C_est13,T18C_est14,T18C_est15,T18C_est16,T18C_est17,T18C_est18,T18C_est19,T18C_est20,T18C_est21,T18C_est22,T18C_est23,T18C_est24,T18C_est25,T18C_est26,T18C_est27,T18C_est28,T18C_est29,T18C_est30,T18C_est31,T18C_est32,T18C_est33,T18C_est34,T18C_est35,T18C_est36,T18C_est37,T18C_est38,T18C_est39,T18C_est40,T18C_est41,T18C_est42,T18C_est43,T18C_est44,T18C_est45,T18C_est46,T18C_est47,T18C_est48,T18C_est49,T18C_est50,T18C_est51,T18C_est52,T18C_est53,T18C_est54,T18C_est55,T18C_est56,T18C_est57,T18C_est58,T18C_est59,T18C_est60,T18C_est61,T18C_est62,T18C_est63,T18C_est64,T18C_est65,T18C_est66,T18C_est67,T18C_est68,T18C_est69,T18C_est70,T18C_est71,T18C_est72,T18C_est73,T18C_est74,T18C_est75,T18C_est76,T18C_est77,T18C_est78,T18C_est79,T18C_est80,T18C_est81,T18C_est82,T18C_est83,T18C_est84,T18C_est85,T18C_est86,T18C_est87,T18C_est88,T18C_est89,T18C_est90,T18C_est91,T18C_est92,T18C_est93,T18C_est94,T18C_est95,T18C_est96,T18C_est97,T18C_est98,T18C_est99,T18C_est100,T18C_est101,T18C_moe1,T18C_moe2,T18C_moe3,T18C_moe4,T18C_moe5,T18C_moe6,T18C_moe7,T18C_moe8,T18C_moe9,T18C_moe10,T18C_moe11,T18C_moe12,T18C_moe13,T18C_moe14,T18C_moe15,T18C_moe16,T18C_moe17,T18C_moe18,T18C_moe19,T18C_moe20,T18C_moe21,T18C_moe22,T18C_moe23,T18C_moe24,T18C_moe25,T18C_moe26,T18C_moe27,T18C_moe28,T18C_moe29,T18C_moe30,T18C_moe31,T18C_moe32,T18C_moe33,T18C_moe34,T18C_moe35,T18C_moe36,T18C_moe37,T18C_moe38,T18C_moe39,T18C_moe40,T18C_moe41,T18C_moe42,T18C_moe43,T18C_moe44,T18C_moe45,T18C_moe46,T18C_moe47,T18C_moe48,T18C_moe49,T18C_moe50,T18C_moe51,T18C_moe52,T18C_moe53,T18C_moe54,T18C_moe55,T18C_moe56,T18C_moe57,T18C_moe58,T18C_moe59,T18C_moe60,T18C_moe61,T18C_moe62,T18C_moe63,T18C_moe64,T18C_moe65,T18C_moe66,T18C_moe67,T18C_moe68,T18C_moe69,T18C_moe70,T18C_moe71,T18C_moe72,T18C_moe73,T18C_moe74,T18C_moe75,T18C_moe76,T18C_moe77,T18C_moe78,T18C_moe79,T18C_moe80,T18C_moe81,T18C_moe82,T18C_moe83,T18C_moe84,T18C_moe85,T18C_moe86,T18C_moe87,T18C_moe88,T18C_moe89,T18C_moe90,T18C_moe91,T18C_moe92,T18C_moe93,T18C_moe94,T18C_moe95,T18C_moe96,T18C_moe97,T18C_moe98,T18C_moe99,T18C_moe100,T18C_moe101
2016thru2020,040,0400000US01,Alabama,01,582000,240865,50830,15925,10540,10705,3790,9875,69145,17240,15415,15875,6760,13860,97495,15620,14215,20200,12985,34475,23390,2755,1650,2910,1930,14145,85035,24000,16325,4545,1680,670,780,33045,10820,8560,7535,2155,3975,25365,5580,4280,5780,2570,7155,2625,375,295,430,250,1270,190505,26315,17380,5050,2430,570,890,56655,17275,15810,12410,4380,6785,88215,16580,13300,21615,10055,26670,19315,2880,1940,2205,1835,10460,65600,21955,7635,4790,4740,1975,2815,29285,8285,6440,6605,2660,5290,13850,3160,2785,3385,1395,3125,510,75,95,100,4,240,5960,4325,1827,968,754,967,469,833,2074,1067,918,1036,712,935,2382,1205,1039,1189,982,1220,1410,481,336,586,394,1023,2495,1131,1001,475,335,205,193,1712,919,737,819,404,635,1409,568,615,750,451,778,446,161,123,171,110,356,3442,1257,1067,628,388,168,223,2219,1095,1342,934,676,843,2405,1166,1365,1295,871,1262,1317,428,371,489,363,1037,2310,1315,807,655,513,447,452,1523,909,645,770,399,655,1102,518,464,596,299,485,163,50,56,74,4,113
2016thru2020,040,0400000US02,Alaska,02,89795,35340,6755,2395,1190,1405,535,1230,5710,1215,1060,1080,685,1670,14315,1245,2060,3445,2315,5250,8560,320,830,1750,1190,4470,25065,2705,795,570,430,215,690,5945,1265,1470,1740,605,860,13245,1495,1865,3570,2320,4000,3170,120,315,655,275,1805,26270,4295,2880,580,310,130,395,9545,2270,2745,2730,910,895,11315,1830,1735,3285,1775,2680,1115,175,60,65,155,660,3125,945,320,185,330,30,80,1070,295,270,190,170,145,950,145,145,295,110,260,155,0,20,55,55,25,1818,1387,463,305,209,224,145,202,557,295,295,266,236,310,842,261,298,427,338,552,715,109,205,388,207,489,1171,469,249,214,173,117,222,569,306,338,293,235,159,973,291,332,604,420,440,420,64,121,234,103,311,995,425,393,129,90,57,98,730,302,435,472,261,200,787,251,347,476,455,345,239,110,41,36,99,163,430,247,101,105,170,27,53,294,129,212,84,120,76,239,64,91,133,72,105,92,23,19,73,53,21
2016thru2020,040,0400000US04,Arizona,04,916255,369885,43550,15500,7975,7705,3570,8795,51880,11790,10605,13255,5675,10555,182830,20890,23535,42550,25255,70595,91625,7160,5900,13340,10655,54560,109810,8640,4650,1245,1210,545,990,31020,8680,7810,7900,2675,3955,57000,9720,10735,14815,6520,15210,13150,1180,1350,2560,1635,6420,379080,21085,13980,2830,1690,1020,1565,67650,23550,19010,14390,4350,6345,210795,37050,34805,58610,27965,52365,79550,10750,8305,13810,9285,37400,57480,14460,4880,3405,2915,765,2495,20740,5715,4740,5460,2105,2720,19565,2970,4230,5355,2325,4690,2715,210,460,485,620,935,6466,5253,1582,1132,640,628,479,796,1612,1031,787,857,583,907,3924,1365,1301,1830,1414,2538,2612,954,556,1071,1084,2036,3047,920,620,288,299,246,279,1390,728,731,775,404,505,2402,939,1097,1395,795,1054,1180,296,430,508,377,891,4839,1130,954,399,250,365,279,2425,1326,1200,969,486,604,4563,1587,1565,2629,1637,2330,2495,858,1003,1031,1005,1752,2343,1203,707,572,575,241,541,1401,805,535,763,429,472,1350,463,702,695,511,522,459,122,147,178,290,270
2016thru2020,040,0400000US05,Arkansas,05,400065,180115,30800,8370,6100,6400,2705,7225,50005,9815,9520,12975,5685,12010,83210,10990,12925,17980,10660,30655,16100,1175,1485,1930,1245,10265,72495,14625,9110,3170,1525,390,435,27820,7620,8435,6315,2415,3030,27655,4280,4650,7230,3760,7730,2400,350,160,420,275,1195,112095,14115,9105,2670,1090,370,885,40425,10705,10965,10440,3680,4640,49310,9335,6795,11970,6675,14535,8245,1415,1045,1260,980,3550,35360,11400,3280,2775,2115,1240,1990,14455,3615,3120,3145,1815,2755,9065,1630,1920,1650,1155,2710,445,35,85,85,125,115,4589,3873,1292,763,585,685,367,606,1781,866,830,900,608,985,2411,899,1095,1049,842,1531,1557,380,362,414,313,1238,1914,963,728,486,392,198,177,1254,691,764,657,385,408,1408,522,507,775,533,928,563,173,79,182,133,481,2126,1038,823,370,207,149,210,1766,850,1085,893,631,542,1567,806,748,1034,715,1087,740,318,237,402,250,509,1620,922,441,620,366,319,389,866,434,491,428,391,378,904,302,328,342,292,565,179,32,65,65,97,78
2016thru2020,040,0400000US06,California,06,5861795,2097850,206790,84390,36765,34385,14585,36670,307460,97720,73725,66500,26600,42910,875785,161125,166550,217550,107100,223460,707815,61715,65610,118165,80550,381770,880875,71190,45800,10360,6725,2510,5795,188245,69150,48730,38090,12585,19690,433475,98610,86600,106415,48635,93220,187960,22485,16910,31895,22445,94220,2758620,286090,212245,34825,19145,6260,13615,448140,187830,117120,83660,24410,35115,1176340,288380,248650,292965,126320,220025,848050,112960,80340,143275,99715,411760,124450,33815,15430,8105,4955,1790,3540,47945,18010,12440,9150,3620,4725,35920,8330,9095,8105,3585,6805,6770,1270,820,1170,1035,2480,20326,16549,3713,2149,1413,1573,1011,1682,4843,2431,2099,2460,1686,1600,8664,3717,3719,3925,2184,3660,7961,2216,2830,2796,2461,5412,7611,2310,1635,732,750,381,632,3507,1857,1681,1544,814,1165,5441,2720,2334,2424,1840,2492,3822,1137,953,1857,1214,2708,10403,3625,3688,1744,1080,599,1082,4946,3181,2802,2135,1360,1570,8616,4269,4338,3915,2929,4343,6074,2979,2361,3776,2635,4734,3474,1471,919,808,553,387,422,1770,1204,897,698,551,532,1882,753,955,903,457,807,750,269,219,304,263,500
2016thru2020,040,0400000US08,Colorado,08,722080,248635,28880,9955,5645,6070,2335,4880,45985,10280,10505,12220,4800,8175,124000,15560,18620,31690,19280,38855,49770,3545,3890,7790,6875,27670,79665,9395,5880,1670,1100,260,485,27255,7225,7615,7215,2080,3120,35495,7050,6800,8965,4660,8020,7520,1180,1145,1155,835,3205,369880,34415,25145,4615,2300,1045,1315,74470,25450,21815,16560,4845,5800,193870,36180,35720,53640,26890,41440,67125,8380,6540,12350,7820,32035,23900,6495,2530,1585,1300,370,710,11200,3530,2945,2485,840,1405,5425,1210,1035,1450,810,920,780,55,110,290,125,200,6562,3968,1414,883,534,600,389,509,1639,867,808,830,538,611,2620,890,1120,1348,1054,1686,1600,449,523,669,720,1336,2335,1004,928,341,272,102,177,1353,626,751,607,388,552,1367,671,675,682,447,660,679,260,234,258,288,405,5309,1439,1213,504,506,390,290,2432,1285,1214,1030,530,549,3757,1846,1560,2341,1303,1696,2256,897,774,966,661,1357,1122,564,375,342,238,161,191,740,512,470,387,239,312,618,266,246,329,237,232,234,82,66,179,108,91
2016thru2020,040,0400000US09,Connecticut,09,470030,99645,19010,7505,3180,3160,1675,3490,22065,5035,5350,4725,2270,4685,41960,7860,7100,9555,5065,12380,16610,1785,1640,1880,1600,9705,165145,22235,13255,4175,2465,940,1395,66990,19270,17390,16090,6080,8160,68320,18600,14545,15015,7045,13115,7600,1770,1075,795,760,3205,203145,42775,33715,4830,2145,435,1655,56750,20855,14925,11220,3855,5895,74815,15500,12960,18245,9960,18155,28805,3865,2515,3445,2795,16190,2095,890,535,145,100,30,80,980,385,220,160,30,190,145,70,50,20,0,10,75,0,30,4,0,40,4548,2677,1244,912,402,610,324,446,1366,542,703,633,416,543,1704,787,655,797,572,1026,1001,360,353,350,330,732,2892,1335,1127,566,522,307,226,1999,1252,1028,1019,570,931,2339,1091,1123,1050,813,854,809,466,292,236,265,357,2998,1714,1664,448,310,139,289,1890,1152,950,826,575,707,2061,947,1024,1241,877,1004,1234,482,405,533,510,947,407,310,279,91,62,34,65,253,159,105,69,28,133,76,55,39,31,30,16,66,30,46,30,30,45
2016thru2020,040,0400000US10,Delaware,10,106040,42660,5510,1940,1230,995,490,855,8920,2775,1730,1550,1005,1855,21185,3130,3495,4860,3010,6695,7045,810,675,1445,620,3500,12145,1125,740,230,100,50,10,4710,1475,1160,1170,395,515,5600,1045,950,1520,645,1440,705,125,80,185,105,210,45795,5965,4010,865,555,185,350,9605,2540,2850,2540,775,895,25745,4070,4130,6580,3040,7930,4480,960,435,550,500,2030,5435,905,300,130,150,30,295,2650,995,785,580,180,105,1815,310,495,520,165,330,65,15,0,0,35,10,2163,1604,558,278,260,264,170,192,840,625,338,295,290,418,1170,527,501,643,652,719,636,232,209,360,192,482,843,256,203,121,49,31,12,611,306,368,224,174,194,623,368,368,401,135,347,211,85,70,101,99,96,1558,723,562,256,195,89,247,932,461,479,502,342,286,1268,583,606,748,514,818,651,347,172,174,200,375,665,181,122,69,69,24,124,525,295,291,279,90,58,410,103,230,275,94,140,60,39,29,29,47,21
2016thru2020,040,0400000US11,District of Columbia,11,165660,21220,5250,2645,725,560,315,1000,2735,900,500,235,290,810,3000,585,290,530,525,1070,10235,920,610,555,660,7490,22195,4030,2790,510,155,115,460,6945,2640,1965,715,800,820,4430,1605,1055,335,270,1165,6790,415,190,345,425,5410,121965,20375,15430,1920,940,465,1620,25320,9510,5745,4645,1760,3660,18875,5155,3635,3250,2935,3900,57395,6610,3575,3460,5610,38135,285,200,185,0,10,10,0,70,50,0,20,0,0,0,0,0,0,0,0,10,0,0,0,0,10,2395,1197,540,406,217,190,209,229,362,225,166,95,161,190,459,134,116,276,246,243,897,227,201,219,160,693,1160,621,589,182,93,90,119,702,492,503,228,301,245,615,395,301,124,131,260,584,169,125,122,115,510,2245,1302,1075,330,224,150,473,1629,743,692,766,313,553,1162,570,494,677,569,465,1854,572,704,429,647,1584,139,128,127,31,16,13,31,50,42,31,31,31,31,31,31,31,31,31,31,24,31,31,31,31,24
2016thru2020,040,0400000US12,Florida,12,2680435,943145,88880,30525,16015,16720,7400,18220,109975,30025,26225,25890,10475,17365,436465,69140,76030,111025,56710,123560,307830,28795,30745,54210,35870,158215,356785,27605,16940,4815,3245,880,1720,61180,20105,17090,14210,4375,5395,205940,42080,41975,57330,25040,39510,62065,8005,7775,13700,7775,24805,1222830,94390,64570,13185,7635,2730,6270,110645,44025,29515,21560,6385,9160,601430,122725,127910,160485,71690,118620,416365,52320,45875,80580,48290,189295,157675,31555,11715,6845,6190,1890,4920,64825,20280,15445,15170,6155,7770,54095,11120,11310,14290,6785,10600,7200,890,1315,1140,1125,2735,14277,9176,2487,1417,865,1216,776,957,3174,1708,1449,1585,912,1138,6669,2333,2734,3452,2013,3273,5432,1715,1657,2893,2181,3369,5098,1543,1069,822,595,185,335,2037,1082,1253,1046,566,821,3639,1805,1582,2197,1461,1644,2318,764,883,1454,719,1396,9354,2713,2383,993,868,492,725,3013,1934,1667,1311,711,913,7166,3767,3100,3252,2464,2957,5428,2098,2106,2852,1950,3831,3925,1929,1519,744,729,366,717,2547,1189,1123,1167,727,808,2157,921,866,1231,747,966,793,290,364,333,386,493
2016thru2020,040,0400000US13,Georgia,13,1377105,558780,69195,23620,12465,13345,5340,14425,141165,34595,29045,34235,15960,27325,277975,41780,44000,62705,35860,93630,70450,7285,4165,9725,7030,42245,174450,26615,16925,4955,2670,715,1350,58650,17580,15475,13355,4655,7585,76450,14270,15210,19575,8130,19265,12735,2055,1260,2110,1565,5745,532915,46415,32325,7605,3100,980,2400,97715,33125,27200,21440,5875,10075,272200,48255,49705,66790,34575,72880,116585,12650,9325,18075,12960,63575,110960,27955,9585,5595,5765,2370,4645,52355,13780,11125,12940,5665,8850,29760,6150,6390,7520,2995,6700,890,65,40,380,125,285,9408,6619,2198,1281,1178,1073,607,1082,3574,1725,1417,1785,1197,1450,5186,2177,2008,2358,1606,3056,2087,780,609,1070,791,1727,3677,1364,1181,571,433,222,291,2328,1235,1226,1124,529,1003,2759,973,1182,1409,934,1455,949,408,377,379,340,690,4483,1795,1538,770,398,255,454,2789,1815,1427,1462,761,1043,4742,2316,2670,2615,1816,2299,2915,1173,994,1561,1303,2126,3022,1398,731,637,660,412,721,1960,966,872,984,607,708,1723,870,827,825,522,732,256,40,28,129,105,148
2016thru2020,040,0400000US15,Hawaii,15,185895,84910,12915,4205,1950,2615,1555,2585,10440,2200,1835,2570,1195,2645,25205,3765,4835,5715,3495,7395,36345,2830,4915,8390,5605,14610,20015,2545,1465,315,345,95,320,3560,1035,805,980,390,350,7350,1340,1480,1915,685,1930,6560,650,775,1395,1025,2710,80340,12055,8265,1390,1275,490,630,13300,4770,3350,2855,1055,1270,36470,7610,7245,10415,4685,6510,18515,1805,1950,3965,2470,8325,630,135,70,10,30,0,25,160,15,4,65,65,4,280,55,160,4,40,15,60,25,0,0,20,10,2657,1796,920,571,280,350,351,336,725,326,318,387,241,402,1280,466,528,546,478,704,1315,358,560,616,635,879,1212,328,244,107,136,63,172,489,294,188,227,192,132,642,292,338,334,167,330,706,193,228,271,323,505,1847,805,706,255,282,154,148,726,519,344,318,248,217,1299,696,670,865,492,590,1094,348,342,537,357,729,213,63,51,15,26,28,28,149,27,7,97,106,10,139,38,110,16,64,21,41,28,28,28,24,21
2016thru2020,040,0400000US16,Idaho,16,189870,85100,12975,3170,2025,3240,1435,3105,20185,3245,4350,5400,2615,4575,42385,4570,5755,10885,5930,15245,9555,870,590,2185,910,4995,39700,3770,2315,705,440,165,150,17455,3185,4335,5400,2335,2200,17700,2285,3070,5660,2680,4010,775,80,60,180,60,395,51105,8130,4785,1980,790,290,285,18325,5935,5435,4450,1365,1145,19935,3945,3500,4700,2435,5355,4715,960,1045,770,655,1285,13970,4185,1080,1250,960,415,480,6735,1725,2045,1330,640,995,2945,685,480,425,545,805,100,15,20,15,30,20,3028,2157,963,487,356,455,267,444,1137,465,490,587,418,540,1832,595,625,872,817,1023,1028,331,256,469,294,643,1820,491,398,186,157,107,82,1114,493,521,552,519,374,1280,427,483,735,454,585,212,65,64,88,59,145,1939,694,541,425,172,146,104,1034,699,615,603,343,259,1401,560,500,712,456,926,641,233,292,240,271,333,953,516,261,277,265,146,178,622,355,352,266,231,219,513,295,168,126,222,284,68,13,20,16,54,24
2016thru2020,040,0400000US17,Illinois,17,1646285,447485,76700,27785,13235,14845,6100,14740,149630,36360,32120,37235,15860,28060,176590,30795,29550,40375,23655,52220,44570,4015,3940,5675,5755,25180,397600,54850,31020,10855,7130,2025,3820,181570,55855,46570,41950,15575,21615,130685,26650,21870,28800,16210,37160,30500,2365,1965,3375,2455,20340,772130,118420,85210,17910,8195,2460,4645,231415,76085,58425,52635,18620,25650,276135,57060,45095,67715,35280,70980,146160,18475,10565,15820,12185,89115,29070,9290,4120,2000,1700,400,1070,15390,5495,3190,3305,1430,1970,4090,1065,725,975,605,720,295,60,145,55,0,35,9441,6031,2139,1450,775,890,537,820,3127,1587,1379,1427,940,1224,4100,1728,1390,1605,1415,2013,1670,548,607,683,633,1139,5269,1559,1088,749,613,314,415,3955,2039,1920,1831,1078,1185,2445,1319,1028,1301,1166,1507,1305,385,340,374,392,979,6165,2717,2405,1103,790,430,428,3663,2768,1849,2175,1146,1312,3763,1956,1894,2352,1650,1974,3628,1206,938,1505,909,2729,1528,914,679,327,299,133,221,1234,875,341,433,289,339,443,243,200,209,235,194,145,81,98,53,28,36
2016thru2020,040,0400000US18,Indiana,18,794475,328275,51655,16295,10010,9600,4615,11140,125845,28010,27060,32900,14785,23085,134300,22150,21060,30495,17945,42645,16480,1875,2005,2505,1810,8285,130090,16620,9205,3235,2450,670,1060,66330,18510,16230,16730,6240,8625,44055,8105,7800,11030,5925,11195,3085,535,575,480,360,1135,301490,42830,29295,7925,3215,740,1660,112425,33030,31035,26270,9495,12595,123740,22440,20425,31130,16600,33150,22490,3915,2740,3440,2625,9765,34620,9645,2765,2950,2150,550,1225,18475,4450,4310,5240,1610,2865,6335,1275,1145,1635,735,1545,170,20,55,55,0,35,6013,4264,1678,879,823,666,671,907,2780,1366,1330,1283,914,999,3070,1115,1070,1283,1380,1834,1124,351,435,452,341,694,2498,1107,778,438,457,283,255,2175,1178,1063,1003,686,878,1841,731,679,947,696,790,389,194,184,139,167,247,4088,1605,1446,731,381,258,290,2534,1665,1517,1242,840,984,3091,1250,1457,1806,1251,1545,1259,661,530,482,427,891,1393,813,378,504,321,177,303,1036,608,611,626,280,425,567,279,246,298,211,403,85,24,46,47,29,39
2016thru2020,040,0400000US19,Iowa,19,366975,146970,32385,7610,5010,7220,3965,8585,62805,10845,12670,16790,7840,14660,47535,6560,6750,11670,7820,14735,4245,405,505,725,500,2115,58775,12060,6280,2560,2070,590,560,35390,10160,7925,9150,3745,4410,10475,2265,1675,2930,1065,2545,845,115,280,155,40,260,152040,25285,16065,4765,2335,830,1285,76715,22405,19565,19650,6340,8750,40590,8510,6035,8065,6505,11475,9455,2110,1750,1650,620,3330,9185,3360,1130,820,685,295,435,4700,1325,1045,1350,400,580,1100,255,265,275,130,180,25,0,4,15,0,4,2781,2623,940,581,390,490,364,501,1531,760,675,914,642,881,1625,664,660,828,816,823,541,138,217,175,186,381,1545,737,537,345,347,131,118,1161,773,586,695,543,496,726,389,258,401,240,356,244,68,155,119,35,127,2463,1133,834,535,342,189,265,1811,1091,1036,982,588,755,1528,845,764,818,769,1008,751,341,358,374,180,454,587,488,240,259,162,109,178,451,249,198,243,132,148,210,95,136,101,76,95,27,23,4,26,23,15
2016thru2020,040,0400000US20,Kansas,20,385675,181140,28455,8340,5515,5595,2490,6515,70925,12630,15270,19240,8865,14920,71165,8805,9880,18340,9630,24510,10600,1170,710,1395,1280,6045,60700,9980,5480,2045,1490,360,610,28980,8750,6655,8070,2540,2965,19680,2920,3090,5300,2930,5445,2060,350,270,290,250,905,131880,16905,10565,3265,1780,450,840,50550,14160,13575,12880,4140,5795,52810,8895,8000,12765,7420,15725,11615,1380,1795,2170,1155,5120,11955,2890,885,530,750,230,500,6205,1010,1500,1775,935,985,2725,545,545,745,260,630,135,0,20,55,4,55,3257,3016,1155,589,520,467,283,634,2172,911,912,1229,645,909,2045,771,879,997,752,1322,900,346,189,278,277,601,2058,707,568,290,267,146,188,1370,796,581,778,316,419,1176,450,403,626,640,581,373,223,109,115,129,211,2403,1139,734,465,426,143,226,1666,918,962,1053,489,590,1562,845,896,939,720,1073,775,315,297,456,222,573,735,404,220,143,256,92,142,534,238,242,273,232,200,419,196,176,201,94,201,117,26,33,80,26,71
2016thru2020,040,0400000US21,Kentucky,21,567030,222290,45955,14875,8655,8765,3675,9985,70330,16385,12605,17125,8295,15920,91800,13520,12490,20280,11365,34145,14205,1305,1145,2305,1350,8095,114285,16625,10725,2825,1785,495,795,50485,12560,12045,12125,5485,8270,43820,7955,6625,10640,6300,12305,3360,605,325,675,325,1430,176690,35305,25085,5555,2815,630,1220,66965,18825,16880,16290,5965,9010,63595,10510,8995,14735,8905,20450,10825,1805,1440,1680,845,5055,53765,18340,7240,3895,3360,1200,2645,24275,7505,4730,5250,2115,4680,10730,3215,1975,2090,1060,2395,420,75,65,75,60,145,4970,3774,1415,928,690,762,493,767,2038,993,799,1042,679,1014,2519,998,754,1256,919,1511,938,252,328,390,332,713,2468,911,742,425,353,162,265,1823,859,794,705,914,701,1507,785,763,859,742,886,412,235,134,209,114,260,2901,1448,1121,565,429,233,332,1839,1062,970,1040,726,760,2019,928,826,937,772,1081,811,328,348,345,220,559,1974,1134,743,573,492,272,394,1173,691,509,591,401,530,816,421,304,365,288,377,153,48,60,56,68,92
2016thru2020,040,0400000US22,Louisiana,22,584330,244920,56325,19320,10565,10715,4730,10995,48980,15400,11045,8905,4390,9240,103175,22175,19200,21880,11910,28015,36440,4200,3870,5435,3375,19560,117320,16910,11175,2725,1585,425,995,27270,8665,8620,5160,1625,3200,59295,12880,11050,13505,6000,15855,13845,2310,1175,1745,1430,7190,162770,21665,15495,3365,1535,435,835,30405,11405,8485,5355,1980,3180,84895,18530,15620,18930,9475,22340,25805,4395,3495,3470,2675,11775,59320,17565,6340,3945,3105,1085,3090,20220,6075,4535,4055,2165,3385,20315,3970,3750,4805,2640,5150,1215,305,315,300,60,235,5800,3892,1939,1107,766,1025,660,783,2131,1277,989,736,615,932,2437,1191,1240,1292,931,1390,1469,486,496,651,381,1163,3111,1056,855,363,391,194,253,1669,751,1258,599,312,572,2389,961,1155,1145,715,1316,1050,405,305,329,218,649,3360,1120,964,509,342,179,222,1879,1182,1120,665,381,546,2489,1202,1331,1360,908,1527,1706,674,864,552,718,1310,2183,1220,601,654,467,221,636,1283,849,717,589,412,572,1115,583,570,724,609,697,276,160,160,163,50,118
2016thru2020,040,0400000US23,Maine,23,154610,40770,11145,3320,2340,2405,970,2110,8410,1435,1950,2165,1105,1755,16875,1725,2075,3990,2555,6530,4335,340,195,780,565,2455,51590,7070,4395,1605,625,100,340,17490,3820,4905,4470,1855,2445,25245,4075,3525,7530,4015,6100,1785,385,75,315,350,655,51225,14410,10770,2540,710,130,260,16120,4930,5175,3465,1255,1295,17985,3825,3710,4920,1855,3670,2710,450,445,545,245,1025,11025,2440,860,625,525,130,300,4480,855,880,1280,665,800,3845,610,775,990,505,965,265,45,140,10,4,70,2332,1525,747,499,322,394,188,376,579,194,316,336,250,284,1107,336,283,559,329,614,507,139,78,252,165,441,1851,802,698,376,180,55,145,961,465,582,554,285,376,1375,512,466,808,643,654,310,245,49,141,158,193,1696,926,874,427,197,69,110,1094,648,622,501,273,301,1054,618,546,548,384,510,371,190,155,192,103,253,816,345,189,189,152,65,133,511,187,250,360,189,214,390,186,182,232,200,230,157,60,117,10,26,70
2016thru2020,040,0400000US24,Maryland,24,734700,255825,43010,20360,7065,6260,2940,6380,59115,15415,13705,13630,6305,10060,107930,18525,17220,22075,13815,36290,45770,4155,4205,5475,5110,26825,67255,9055,5215,1755,1270,365,450,30635,10055,8115,6575,2320,3570,24025,5125,4885,5480,2580,5955,3540,605,420,805,305,1400,404925,48225,35030,6410,2730,1305,2745,89285,29320,22865,17450,8075,11580,183250,34590,34885,40465,26740,46565,84165,11080,8230,10830,9510,44515,6695,2785,1225,710,565,55,230,2695,835,635,630,365,225,1215,345,205,235,135,290,0,0,0,0,0,0,5863,4547,2027,1267,680,737,515,555,1816,895,1045,877,814,900,2734,1251,1167,1219,1083,1437,1719,586,545,580,534,1305,2238,824,568,379,332,135,149,1557,944,707,737,476,577,1340,536,559,675,439,619,448,162,156,288,119,255,3891,1899,1643,717,347,394,598,2305,1395,1212,1043,765,963,2784,1652,1670,1939,1627,1599,2420,865,758,1038,645,1790,726,532,317,298,228,48,92,479,206,158,169,318,101,241,159,108,88,94,141,30,30,30,30,30,30
2016thru2020,040,0400000US25,Massachusetts,25,992090,145570,32860,13665,5010,5535,2630,6015,30415,7165,6890,7040,3475,5840,53700,9220,9500,11535,6440,17005,28595,2965,2470,3705,2760,16690,369410,56120,32565,9565,6110,2465,5415,108950,28520,25670,24700,11280,18785,152950,28895,26395,34025,18855,44780,51385,5615,3985,6310,5525,29955,473005,119865,93850,14670,5675,2090,3580,85355,28940,24225,16710,6010,9465,148785,35805,28525,32095,17195,35160,119000,18705,9705,15145,12560,62885,4105,1735,1130,250,195,45,115,1585,650,250,235,65,380,675,230,260,100,35,50,110,25,0,20,25,35,6037,3251,1470,837,530,648,441,510,1490,818,672,699,469,552,2243,809,861,1103,684,970,1771,492,465,560,364,1381,4454,2054,1623,809,651,362,606,2370,1632,1345,1246,903,1200,3221,1156,1507,1585,1033,2051,1723,574,549,583,715,1340,4472,2199,2314,951,586,387,456,2479,1501,1375,1090,674,844,3444,1573,1380,1572,1067,1501,2151,984,824,935,1052,1595,524,322,251,109,122,39,58,346,298,102,127,56,196,225,127,174,89,38,52,74,29,31,26,34,51
2016thru2020,040,0400000US26,Michigan,26,1124925,432625,72465,26960,13305,13730,6125,12345,139100,37825,29015,35605,14075,22580,184455,34980,30715,42385,23515,52865,36605,4205,3540,5405,3450,20005,155905,19440,11355,3560,2475,840,1210,71185,22080,17255,16525,6940,8385,56075,10810,8910,12005,7280,17070,9205,1470,770,1415,740,4810,488870,77775,55490,12485,5695,1515,2585,160335,49630,41095,37610,13385,18620,203030,36195,33970,46705,25670,60495,47730,7265,6515,7510,4195,22250,47520,7775,2340,1900,1830,560,1145,21820,5590,5225,6145,2330,2525,17245,2710,3265,4560,2250,4460,680,70,155,185,55,215,6437,4837,1986,1290,875,811,568,838,2817,1893,1335,1561,1024,1170,3338,1697,1506,1322,1056,1608,1801,558,478,707,443,1099,3428,1251,885,481,445,254,247,2206,1064,1144,1031,591,647,1929,804,790,1058,694,1224,657,272,176,309,180,414,5546,2014,1681,698,579,289,417,2996,1681,1693,1570,905,1163,3380,1611,1607,1733,1487,1818,1934,849,796,734,502,1231,1720,647,315,224,251,138,307,1209,763,498,560,382,384,1190,322,506,570,345,563,143,44,81,81,34,122
2016thru2020,040,0400000US27,Minnesota,27,619375,169870,35880,11390,7675,6770,3295,6755,49460,10305,10300,12685,6315,9850,74965,8895,11605,17870,11695,24895,9565,1080,1020,1700,925,4840,72480,10495,4960,2230,2155,485,660,37675,9790,8460,10870,4230,4325,22815,3830,3695,5145,3090,7055,1495,185,175,150,205,780,367260,65990,48045,9955,4700,1125,2165,147255,41685,40140,38170,13430,13830,120150,21610,20885,31905,17130,28620,33865,5720,3885,5395,3530,15335,9765,3975,1215,970,975,240,580,4035,900,1055,1225,325,530,1640,520,340,215,195,370,110,25,15,20,15,40,4191,2678,1076,680,606,460,457,412,1249,661,749,758,521,589,2197,671,858,1062,759,1250,725,220,222,358,192,553,1681,722,475,316,349,145,180,1295,759,583,818,450,422,1017,458,483,543,382,541,282,74,78,70,98,209,3469,1728,1677,639,614,250,322,2835,1591,1418,1640,883,974,2589,1222,1183,1631,979,1073,1450,603,433,477,386,1103,554,423,230,180,185,68,132,369,180,216,276,98,114,175,75,98,60,70,122,60,28,18,16,12,43
2016thru2020,040,0400000US28,Mississippi,28,348675,155820,34445,10440,7025,6325,2490,8170,32220,7900,6820,6520,3295,7690,70290,12525,10605,15525,9765,21870,18860,2450,1445,3185,1625,10150,58635,13035,8335,2915,1050,190,540,16065,5550,5040,2800,1105,1575,26480,6090,4365,6540,3175,6310,3055,650,460,560,145,1235,93630,15805,10375,3335,1245,365,490,17510,5775,5230,3535,1085,1890,47490,8150,8675,10695,6290,13675,12825,1985,1715,1685,1300,6140,40595,12075,4350,1940,2580,1065,2140,15095,3835,3215,3325,1955,2770,12440,2315,2005,3400,1625,3090,985,100,95,255,10,530,4194,2940,1387,947,600,608,420,649,1576,748,785,704,375,693,2208,907,867,1246,1011,1111,1334,503,315,499,361,822,1825,745,782,436,254,129,154,901,619,697,427,275,325,1604,745,560,804,634,618,576,314,237,213,80,325,2578,1119,892,521,366,191,149,1029,646,629,515,314,455,1907,837,907,929,764,1146,973,391,362,418,295,594,1643,930,685,418,423,326,426,937,532,509,464,517,443,903,467,418,596,357,470,287,88,68,119,14,233
2016thru2020,040,0400000US29,Missouri,29,802840,338515,54640,15925,10595,11445,4985,11690,120650,25740,24655,31410,14840,24000,145020,19255,22410,33755,19590,50015,18205,1920,1645,3395,1595,9645,165410,25600,14595,5785,3040,900,1280,82685,21900,21325,21070,7930,10460,53060,8685,8600,11890,7950,15935,4065,585,645,810,305,1725,261175,37545,25640,6145,3325,1040,1395,107830,31125,29420,25840,10150,11295,92040,16060,14040,21520,13570,26845,23760,3415,2955,3860,2885,10640,37735,11885,4340,2650,2150,1080,1660,18240,4725,4140,4870,1440,3060,7330,1295,1450,2075,1045,1465,285,10,4,185,20,60,5648,4618,1896,1231,798,807,559,816,3178,1374,1280,1426,1200,1502,3014,972,1125,1380,1095,1610,1265,424,354,479,287,755,2983,1339,1146,565,401,185,240,2471,1205,1328,1294,930,772,1834,765,897,857,772,1103,615,177,265,277,137,368,4153,1584,1464,554,434,252,289,2441,1658,1535,1384,967,994,2769,1458,1189,1280,1104,1484,1346,523,623,594,451,855,1465,782,576,383,303,273,305,1135,601,499,491,281,365,708,282,293,366,251,280,134,13,11,119,21,42
2016thru2020,040,0400000US30,Montana,30,137320,59670,14555,3865,2515,3030,1415,3730,17305,3625,3310,4445,2255,3665,22650,2580,3345,5325,3230,8170,5160,270,680,880,350,2985,27335,3390,1620,750,575,125,325,13415,3220,3395,3650,1280,1870,9890,1490,1805,2590,1305,2705,640,115,60,200,70,190,38325,7150,5000,1255,540,90,265,14960,4680,3955,3375,1275,1675,13085,2805,2145,3440,1810,2885,3130,550,475,475,290,1340,11990,4090,1190,1250,715,450,480,5605,1355,1665,1225,495,865,2255,315,370,700,175,695,40,0,0,15,0,25,2273,1613,723,376,301,348,222,382,1068,591,471,412,392,389,1038,410,412,595,438,731,524,103,230,216,137,431,1174,453,311,198,174,93,124,850,472,522,525,256,323,831,311,345,518,328,479,183,105,52,121,54,88,1485,629,552,266,153,52,108,1009,499,504,486,254,341,968,479,392,528,407,566,517,213,198,175,168,436,836,490,246,259,187,134,136,524,272,292,238,167,191,366,117,131,231,73,188,35,26,26,17,26,29
2016thru2020,040,0400000US31,Nebraska,31,259370,107485,22350,5220,3555,5015,2730,5830,42025,6990,8800,11550,5540,9150,39035,5255,5980,8950,5565,13285,4075,150,370,750,530,2270,30840,5720,3015,1270,785,375,270,17940,4320,4620,4510,1835,2660,6505,820,1130,1640,925,1990,670,80,165,95,50,280,115620,15325,9665,2630,1820,485,725,47270,12200,11895,12525,4895,5755,44820,6630,6770,12045,6400,12980,8205,1710,1125,1260,670,3440,5425,1675,430,335,475,150,285,2720,545,750,765,295,360,980,90,255,285,120,225,55,20,0,0,4,30,2834,2022,932,488,349,478,350,445,1539,498,631,662,476,599,1515,504,638,743,536,974,474,61,150,195,165,305,1204,426,347,226,171,127,99,1043,531,510,552,307,495,501,239,288,319,229,316,204,73,95,69,39,147,1827,887,717,371,317,146,173,1174,816,774,760,571,575,1383,587,721,896,595,808,705,319,279,233,164,577,450,226,124,117,138,64,96,326,153,202,193,97,94,269,52,159,149,88,139,49,27,23,23,4,44
2016thru2020,040,0400000US32,Nevada,32,485145,185375,13010,3940,2525,2395,1235,2915,14965,3245,3300,3490,1330,3600,93685,9825,11305,20875,14150,37530,63710,4780,4685,10100,6815,37330,75705,3980,2225,550,555,130,515,18450,5415,4235,4555,1560,2685,41575,7780,7580,10630,4950,10635,11705,1470,1305,2350,1275,5310,206245,9925,6350,2100,560,330,590,34830,11805,9890,6900,2450,3780,117470,22695,22045,31030,14365,27340,44020,5485,4120,9385,5665,19360,17820,4130,1590,1335,440,220,550,6940,2100,1465,1750,650,975,6145,1375,1145,1295,775,1555,605,160,130,80,110,125,4269,3634,830,569,408,374,218,420,997,428,497,449,233,518,2160,625,798,1292,1075,1478,2450,555,534,782,705,2039,2040,467,318,174,211,72,233,1096,541,474,524,330,371,1708,625,759,863,554,907,877,371,502,520,325,658,3100,749,595,395,181,198,189,1332,716,768,601,410,609,2760,979,1297,1171,1087,1579,1829,732,651,1055,749,1062,1083,578,339,380,137,103,164,721,400,302,329,273,218,692,295,309,258,203,373,202,83,88,85,83,88
2016thru2020,040,0400000US33,New Hampshire,33,155275,32790,5690,1400,1180,1205,725,1180,6845,1275,1485,2075,700,1310,14360,1290,2665,3020,2275,5115,5895,615,420,920,595,3340,46710,4870,2645,795,685,340,400,16950,4110,4350,4635,1880,1975,22375,3735,3805,5990,3305,5535,2520,265,265,770,215,1000,71805,11100,8290,1750,595,110,355,20815,5765,5890,5205,1895,2065,33180,5965,5080,8775,4460,8905,6710,755,740,885,870,3460,3970,1165,450,125,290,130,170,1525,415,490,330,85,205,1170,205,345,210,160,250,115,20,0,40,40,10,2605,1501,659,301,255,307,269,325,594,262,285,329,171,330,984,240,432,390,428,555,617,365,155,238,161,447,1628,542,399,193,211,149,162,1125,512,576,543,345,431,1181,472,497,769,479,633,506,142,140,355,115,228,1727,822,733,283,165,64,162,1194,642,761,533,309,309,1414,722,566,893,532,813,633,225,249,241,251,490,475,245,154,64,116,104,96,258,136,154,119,69,118,282,162,154,88,89,108,82,35,28,43,43,18
2016thru2020,040,0400000US34,New Jersey,34,1177625,247630,35280,13360,6210,6035,2995,6675,41630,14675,9245,7875,3430,6405,105600,21680,21300,22315,12615,27695,65120,7195,5960,9080,6900,35990,359180,26020,14845,3995,2890,1600,2695,93620,30205,21830,20475,8900,12215,199270,45370,38590,43290,25430,46585,40270,4890,4950,6515,5040,18880,565435,91015,68910,11590,5090,1765,3660,116395,42675,29865,23205,8915,11735,231520,49205,41695,54065,29695,56865,126505,14585,9080,13425,12515,76895,5375,1225,755,165,100,40,160,2200,780,515,415,115,375,1725,330,535,480,190,190,225,50,4,0,30,145,8376,4720,1599,1195,802,714,436,593,1781,1113,998,834,426,622,2745,1281,1266,1174,1137,1454,2256,682,703,825,670,1758,4986,1210,907,563,442,387,440,2304,1249,1377,1220,960,1079,3894,1833,1658,1705,1429,1999,1514,564,641,747,581,1090,4991,2693,2086,1013,720,423,516,2454,1811,1576,1436,661,905,3936,2033,1954,2219,1559,2390,2609,994,1104,1004,1028,2175,590,318,255,83,81,55,114,422,225,184,240,64,133,358,117,205,212,125,121,174,70,10,30,41,150
2016thru2020,040,0400000US35,New Mexico,35,253675,109785,21645,7500,4355,4365,1660,3765,16640,3915,3595,3400,1735,3990,47845,5905,7340,10570,5485,18545,23655,1850,1800,3000,2195,14810,39950,5570,3545,875,435,240,480,12095,3735,3100,2620,735,1900,19075,3905,3125,4080,2540,5425,3210,265,215,545,225,1960,70795,8030,5550,1215,635,85,540,16575,6325,4145,3000,955,2145,37080,7890,6730,9410,3590,9455,9110,1485,990,1245,1270,4120,33145,9175,3330,2220,1570,680,1380,12245,3040,2860,2950,975,2415,10585,1905,2035,2435,1345,2865,1135,185,170,270,50,460,3729,2611,1157,722,566,592,405,396,1078,553,515,472,320,579,1813,715,789,838,650,1108,1329,373,373,520,380,917,1522,604,461,272,164,135,195,847,454,465,417,205,349,1000,564,466,475,409,729,488,117,112,260,120,379,2312,770,728,290,197,52,177,1370,966,545,461,237,399,1677,802,690,870,583,974,933,384,316,291,369,582,1522,816,480,350,370,208,284,1134,491,548,615,271,440,930,358,443,409,302,539,263,110,118,126,43,189
2016thru2020,040,0400000US36,New York,36,3402710,415740,74735,25310,13565,13845,6355,15660,103890,28545,22080,22110,9880,21280,159850,32080,26630,35250,20210,45680,77260,10335,8710,13040,9380,35800,855155,91770,46890,16390,12230,5445,10815,253995,78820,55760,56970,23360,39085,371825,82960,69215,85755,42025,91875,137565,19035,14315,23010,14205,67000,2092990,406155,288595,54930,31010,9720,21890,423645,154015,99415,83450,30905,55860,709960,192750,129255,157200,77575,153185,553225,67735,40185,67740,48110,329460,38825,10625,4505,2100,1925,865,1235,18025,5635,3815,4080,1850,2645,9215,2140,1475,2725,1295,1585,955,330,120,115,110,280,11312,5225,2247,1324,898,902,587,966,2724,1572,1208,1033,745,1223,2909,1488,1226,1846,1283,1673,2208,928,771,969,863,1502,8248,2756,1766,1234,895,664,830,4121,2422,1841,2078,1146,2079,5404,2578,2157,2454,1750,3144,3448,1276,844,1276,1042,2115,8722,5277,4671,1741,1519,1029,1441,5544,3796,2222,2631,1460,2141,6436,3614,3394,3109,2123,3765,5623,2439,1986,2633,1790,4255,1711,877,603,313,305,303,258,1152,550,484,562,336,461,799,368,297,406,450,235,283,147,89,70,93,170
2016thru2020,040,0400000US37,North Carolina,37,1381745,551995,85415,27815,16260,16365,7080,17895,145565,34450,32945,35645,15330,27195,252280,35390,37075,57915,35855,86045,68730,5890,5180,9385,6985,41290,165990,33670,22530,6360,2380,975,1425,61355,19575,15765,14325,4505,7185,63520,12075,11905,14880,8920,15740,7445,875,895,1390,735,3555,490800,45450,30665,7810,3250,1590,2135,113175,33535,32325,26775,8450,12085,261815,38065,39230,68995,37285,78245,70365,7950,6090,10625,7240,38460,172955,46355,16105,11160,10210,3215,5665,88320,22325,22230,21865,7765,14135,37185,8290,7905,9510,3800,7680,1100,310,185,190,85,330,8672,6046,2573,1447,1154,1093,677,1361,3106,1660,1719,1632,852,1497,4379,1392,1539,2190,1713,2473,2283,707,648,901,797,1634,3567,1395,1302,624,448,335,304,1995,1315,973,1011,489,713,2237,877,992,1078,1031,1215,782,221,319,339,204,534,5500,1678,1460,726,566,345,316,2622,1630,1810,1499,735,1170,4347,1851,1686,2555,2023,2622,2251,767,823,1010,741,1837,4087,1838,1258,1002,866,439,703,3163,1388,1538,1361,837,1191,1804,868,1090,909,468,592,253,142,93,89,95,176
2016thru2020,040,0400000US38,North Dakota,38,120200,28950,9590,2465,1965,2005,950,2210,9300,1480,1635,2550,1260,2380,9025,840,990,1925,1510,3770,1030,95,40,170,180,545,14440,5170,2245,1280,965,320,360,6665,1415,1590,1860,700,1105,2145,180,380,610,390,585,465,75,65,95,70,160,72460,11385,5775,2335,2055,610,605,41650,10395,9200,11065,4830,6155,17445,2900,2370,3750,2385,6035,1980,495,360,330,245,550,4350,1760,735,210,410,165,240,1790,535,255,605,80,315,800,245,35,190,35,300,4,0,0,0,0,4,1967,1095,631,334,279,238,214,262,707,406,330,346,290,337,634,263,219,405,381,530,239,88,49,95,88,152,898,559,338,321,274,110,110,612,230,350,332,238,245,380,101,160,206,201,154,201,79,103,63,45,128,1752,766,531,400,339,198,158,1563,1009,734,809,650,749,1312,546,513,562,482,701,398,215,157,123,128,225,558,332,258,73,188,64,76,333,204,89,206,42,102,278,158,34,113,40,186,3,23,23,23,23,3
2016thru2020,040,0400000US39,Ohio,39,1589055,620490,108175,39085,20205,21030,8885,18970,250700,61760,51455,61455,27720,48310,230110,33635,35990,52025,30140,78320,31510,3470,1885,3775,3250,19130,316410,42520,25280,7500,5365,1965,2410,173450,49035,41475,43730,15560,23645,88670,15230,12305,21830,12500,26805,11770,1280,955,1305,1395,6835,611950,108980,79755,16310,8015,1905,3000,252500,72125,64245,62465,23270,30395,204835,30950,30710,47585,30200,65395,45635,6665,5665,6520,3845,22940,40200,12790,4825,3085,2240,1160,1480,20105,6075,4355,4810,1845,3025,7050,1120,1360,2050,695,1825,255,30,35,85,15,90,8278,6091,2215,1517,1025,1297,724,1162,3820,2019,1554,1889,1438,1746,4136,1483,1400,1876,1375,2453,1529,486,303,533,541,1309,3596,1559,1398,797,481,384,361,3039,1942,1693,1760,984,1247,2804,1139,905,1559,986,1314,1040,284,264,270,431,774,5235,2302,2256,1169,717,309,385,3814,2148,2101,2595,1258,1666,3656,1452,1755,1934,1621,2195,1563,713,616,513,480,1094,1414,876,536,440,388,269,343,1093,717,423,593,269,426,605,250,282,440,175,319,91,32,26,51,32,57
2016thru2020,040,0400000US40,Oklahoma,40,507015,256635,44320,12990,8610,8975,3860,9885,78165,17055,15305,19385,9130,17290,113955,15435,16340,27055,14970,40155,20200,1935,1435,3280,1720,11825,62170,12110,7390,2690,1015,205,815,25420,7675,5775,6290,2420,3260,22515,3900,3605,5570,3080,6360,2125,340,670,365,130,615,155480,19975,12650,4250,1650,410,1020,56985,16260,14880,13890,4635,7320,67760,12370,11020,16515,9105,18750,10760,1840,1850,1895,865,4315,32730,10165,2785,2565,2120,955,1740,13655,2835,3275,3335,1460,2745,8500,1655,1640,1995,875,2335,410,35,120,110,45,90,3719,3275,1299,798,601,554,438,597,1812,1011,816,965,755,862,2529,1113,996,1078,816,1342,1057,269,273,632,267,664,1819,965,575,329,219,66,684,1172,619,533,539,374,458,1021,542,456,550,394,586,560,116,481,123,61,145,2750,990,656,755,350,150,241,1796,1028,809,826,545,682,2113,1329,1038,1103,667,1066,825,410,523,342,170,477,1092,668,285,481,288,181,197,577,302,364,306,200,303,805,535,277,270,160,332,104,34,46,70,39,55
2016thru2020,040,0400000US41,Oregon,41,611575,221050,25410,7895,4930,4770,2445,5370,33975,7470,7070,7805,3850,7780,104440,12725,15015,25550,15035,36115,57230,3640,4935,9065,7160,32430,103270,7700,4965,1280,885,235,340,26255,8370,7355,5515,2055,2965,58690,10770,10220,15680,7395,14620,10625,1510,1020,2155,1185,4755,259930,24285,16720,3710,2070,615,1175,51240,17870,14530,11020,3715,4100,133485,26600,24835,36385,17130,28535,50920,7925,6500,7435,5865,23190,27325,6840,2625,1560,975,435,1245,10525,2695,3075,2370,795,1590,8775,1555,2090,2455,830,1840,1185,250,160,100,165,510,5493,3338,1370,699,645,544,373,626,1220,622,638,607,510,658,2371,838,1133,1378,921,1433,1920,526,657,799,769,1409,2446,722,641,297,245,87,114,1235,826,644,501,348,356,1764,856,719,948,752,1087,930,489,287,450,292,611,3512,1237,1020,485,405,212,236,1902,1134,995,831,560,481,2724,1422,1447,1649,1221,1584,1958,782,802,679,617,1375,1186,693,371,336,271,140,244,828,432,492,463,200,261,737,340,337,489,214,308,299,138,137,56,95,186
2016thru2020,040,0400000US42,Pennsylvania,42,1584330,617940,124290,46375,24255,24290,9650,19720,201800,54980,40915,46850,21985,37075,236040,38380,37040,52640,30640,77340,55810,5280,4760,7875,5145,32745,355255,38390,19815,7900,5285,1555,3845,161660,45935,35285,40330,16745,23365,137435,27095,24375,32730,17555,35680,17770,2275,1445,2745,2525,8775,567305,104700,72775,18870,7365,1820,3870,143090,42695,39990,34065,11090,15245,216365,39105,37525,51815,29455,58470,103150,14665,11690,15245,10840,50715,43830,13515,4545,2945,3240,865,1925,21300,5370,4840,5480,2020,3590,8385,1675,1415,2320,1285,1690,630,165,165,40,85,175,9481,7512,3287,2604,1191,1180,752,881,4168,2179,1698,1786,1132,1813,3920,1903,1939,2239,1579,2576,2210,624,653,705,568,1575,4946,1598,1200,732,589,294,462,3470,1769,1306,1857,900,1156,3014,1476,1266,1592,1211,1529,1242,409,270,403,469,742,4510,2139,1871,1082,678,281,605,3092,1792,1657,1687,900,912,2961,1455,1412,2079,1394,1874,2235,1012,752,974,946,1739,1575,898,486,331,396,144,452,1070,556,591,491,327,479,587,290,232,368,279,281,250,182,134,28,48,92
2016thru2020,040,0400000US44,Rhode Island,44,159280,28160,4945,1300,1215,1005,425,1005,4780,1030,695,1395,455,1200,12805,1740,1705,2790,1850,4715,5625,845,445,710,575,3050,66305,7380,4125,1190,735,350,980,26605,6990,5480,6665,2695,4780,28650,4705,5350,7035,3820,7740,3670,320,485,420,290,2155,64145,21585,17130,2540,1080,280,550,13015,4460,4185,2140,815,1415,20140,3915,4070,4555,2415,5185,9410,1285,1245,1515,985,4380,670,320,170,35,0,15,100,115,10,50,35,0,20,225,55,80,45,4,45,10,10,0,0,0,0,2765,1306,493,238,325,270,141,229,637,246,223,401,177,331,979,350,365,393,364,566,594,283,142,209,159,491,1966,844,545,304,228,158,396,1271,865,550,752,417,608,1322,590,615,653,551,738,560,133,221,163,117,387,1905,1170,1017,364,242,148,162,1099,653,614,349,229,324,1179,570,677,565,393,614,727,301,315,384,256,433,196,137,121,38,32,28,71,69,13,52,36,32,33,126,68,49,57,5,60,18,18,32,32,32,32
2016thru2020,040,0400000US45,South Carolina,45,586090,222950,39835,12665,7455,7305,3700,8710,52830,12135,11405,12790,5895,10605,97550,15055,14355,23430,12545,32170,32735,3215,3215,4885,3440,17975,77095,13140,8715,2665,1105,280,375,24550,8530,5910,5130,1900,3080,32855,6700,6120,8220,3830,7985,6545,1045,535,1355,540,3070,186500,20510,13625,3485,2050,395,960,35190,11535,10355,7035,2855,3410,99565,15915,14690,25265,13795,29900,31235,5225,2800,4595,3415,15205,99545,25545,9185,5300,4965,1635,4460,45330,12850,10795,11260,3850,6570,27170,5910,4960,7235,2915,6150,1505,295,165,320,240,490,6112,3753,1532,971,705,828,545,814,1880,840,882,1010,722,812,2947,1309,1289,1547,952,1493,1715,558,755,767,677,1294,2131,909,656,387,319,155,129,1162,829,629,625,282,529,1604,681,843,699,514,709,642,256,189,302,201,436,3432,1315,1038,503,434,174,241,1528,750,1003,641,385,507,2577,1182,1241,1387,1188,1946,1289,654,470,558,524,987,2897,1583,845,672,672,322,884,1844,1076,940,1041,542,665,1459,630,561,810,454,714,311,124,85,161,135,224
2016thru2020,040,0400000US46,South Dakota,46,111385,39160,12660,4185,2125,2400,1190,2765,14205,2425,2835,3950,1750,3240,11185,1220,1180,2685,1755,4350,1110,140,10,170,125,670,15965,3620,1465,1010,450,320,380,8895,1690,2540,2705,860,1100,3185,450,475,750,550,965,265,35,95,55,4,75,49800,9700,5520,2320,1130,210,520,24270,5400,5715,7100,2660,3400,13850,2175,2240,3635,2080,3720,1975,570,370,290,210,530,6460,2210,425,315,645,360,460,2945,825,675,655,375,405,1195,195,135,230,365,270,110,0,25,0,20,65,1901,1229,614,356,317,306,192,220,921,384,386,444,266,394,742,224,287,416,282,410,235,63,9,121,81,183,1040,457,266,214,145,144,158,846,322,438,401,187,263,457,157,187,234,211,231,129,54,65,57,23,66,1446,755,598,406,286,83,158,1178,497,715,757,413,587,914,375,358,460,498,486,273,173,162,107,121,126,527,320,143,80,165,149,164,383,254,168,202,134,142,262,131,81,105,144,105,94,23,43,23,29,81
2016thru2020,040,0400000US47,Tennessee,47,882920,359510,62875,19340,12325,13675,5185,12350,94255,22320,18765,23290,11085,18795,156085,23035,24130,35855,20615,52450,46295,4430,3290,6490,4970,27115,136850,21950,14405,3975,1975,660,935,50045,14280,12735,11290,4900,6840,57775,10715,10285,14770,8015,13990,7080,960,520,1385,685,3530,313130,40330,28895,6475,2780,955,1230,71935,22150,18205,17915,5775,7890,144330,23510,22380,39780,19840,38825,56535,6935,4885,9140,6875,28705,73430,20385,7615,4400,3965,1470,2940,34620,8335,7545,9660,3325,5755,17895,3635,3545,4760,2070,3890,530,160,45,150,105,70,7496,4951,2091,1180,867,1078,594,1068,2719,1149,1270,1252,835,1147,3232,1179,1418,1637,1361,2083,2069,632,522,623,697,1597,2832,1472,1096,546,365,237,368,1948,1042,1073,922,672,689,2040,981,744,1191,983,948,670,225,178,395,210,515,4880,1427,1265,452,549,233,269,2384,1331,1237,1258,600,643,3462,1419,1435,1969,1524,1858,1967,861,653,1017,864,1536,2497,1176,680,470,512,266,486,1655,714,747,818,504,609,1119,621,463,549,353,514,156,94,36,101,104,60
2016thru2020,040,0400000US48,Texas,48,3737260,1254780,175625,59445,32040,31240,15535,37370,244330,62480,54595,57790,23020,46445,570345,77385,87920,134055,75465,195520,264480,18955,18145,35940,26315,165120,466590,55035,37700,8605,4325,1410,2990,124595,40605,32550,28600,9020,13825,248905,43970,49130,65100,29325,61385,38060,4915,3110,6750,4620,18665,1838545,111595,77565,17085,8735,2610,5600,316665,107265,86780,71060,21200,30360,1023555,185180,181295,267605,135910,253560,386735,38110,30815,51245,43830,222730,177345,48435,17205,9895,9465,4080,7790,73345,20880,16705,17600,6450,11710,52705,9885,10035,13990,6300,12495,2860,475,485,445,320,1140,17280,11324,3264,1979,1661,1597,1090,1402,3903,2527,1797,1746,1114,2011,7451,2515,3141,3671,2164,4166,5224,1226,1294,2075,1504,3986,7193,1906,1637,705,602,329,477,3143,1775,1688,1472,855,1153,5387,1799,2076,2762,1435,2303,1942,614,442,866,687,1284,9295,2926,2279,1332,1028,681,712,5044,3305,2818,2528,1307,1541,8848,4495,3832,5692,3519,5525,6008,1964,1845,2157,1958,4588,3952,1981,1263,1060,954,733,848,2495,1240,1267,1335,653,859,2476,997,1030,1228,805,1045,500,189,198,187,140,322
2016thru2020,040,0400000US49,Utah,49,295680,107965,15655,4490,2855,3390,1900,3015,29120,4505,6610,7810,4390,5810,51615,5335,6810,12705,8230,18535,11575,770,1080,1865,1295,6570,56040,5110,2690,1090,745,250,330,30140,7125,7735,8240,3175,3870,19530,2810,3525,5530,2200,5465,1255,150,145,355,55,555,124065,13350,8840,1810,1500,460,735,34700,9905,9480,9170,3235,2910,64430,10070,12110,18170,9325,14755,11580,1545,1420,1960,1360,5300,7615,2450,1040,405,540,240,220,3745,845,1030,1165,205,500,1360,250,330,465,60,255,55,45,0,0,0,10,3256,2481,829,455,363,411,385,367,1241,503,572,630,567,627,1763,542,711,954,798,917,780,204,294,357,350,641,1696,530,398,250,210,94,109,1310,668,752,525,457,517,1212,462,515,727,447,628,296,95,84,247,44,193,2108,828,770,250,292,233,166,1356,710,707,816,423,423,1782,820,1011,996,899,1005,942,377,337,305,269,670,905,411,230,124,204,108,94,661,275,270,327,83,216,413,161,193,252,66,147,76,73,28,28,28,19
2016thru2020,040,0400000US50,Vermont,50,75480,18725,3725,885,925,680,360,870,4120,790,950,945,360,1080,8040,780,1130,2165,1060,2910,2840,155,350,470,290,1575,26720,2805,1530,515,345,175,240,7360,1880,1665,2090,915,810,14450,2450,2165,4455,1655,3725,2100,445,260,340,325,735,26140,6350,4750,955,385,125,135,6120,2170,1660,1525,310,450,10550,2545,2420,2655,925,2010,3125,950,275,590,400,910,3895,1015,325,290,190,85,120,1600,360,395,545,180,115,1145,185,240,380,110,225,135,25,20,20,0,70,1550,946,373,188,185,129,108,201,497,231,273,205,106,212,585,212,269,300,232,291,385,71,148,155,93,285,1076,397,285,142,130,94,103,642,305,326,357,286,192,751,362,352,606,291,440,310,164,113,128,126,184,1028,625,575,212,129,87,108,565,339,314,317,125,141,773,412,411,358,190,259,372,285,97,201,189,209,479,199,108,119,69,52,62,391,100,197,193,118,55,180,66,97,130,67,93,76,31,24,16,23,67
2016thru2020,040,0400000US51,Virginia,51,1060350,410990,61230,20335,12125,10415,6155,12200,90635,20040,18885,21795,9870,20045,174050,23975,25300,39585,23410,61775,85080,6610,6315,9985,8680,53485,116755,13520,8260,2435,1180,780,870,42895,11770,10615,10955,3760,5800,50990,9940,9910,12375,6910,11855,9350,1735,810,1450,1015,4335,488560,50345,35400,6840,3880,1190,3035,89960,27900,24955,18565,7235,11305,208620,39675,35160,46080,29345,58360,139635,15630,10345,15015,16060,82590,44045,13280,5190,3020,2360,825,1885,22120,6165,5460,5020,1920,3550,8085,1955,2285,1500,1050,1290,565,45,30,115,180,190,8474,5820,2134,1110,911,812,751,956,2550,1055,1001,1078,816,1241,3655,1270,1343,1563,1063,2091,2638,765,585,842,815,2008,2922,897,682,435,235,265,246,1594,885,772,1096,459,666,1950,834,818,844,676,846,873,425,199,387,300,424,4448,1700,1289,632,568,323,472,2393,1353,1364,1188,598,882,2980,1658,1822,1915,1396,1880,2877,1000,844,996,907,2010,1997,1076,577,495,437,209,375,1249,672,584,577,373,505,809,420,427,311,293,307,212,44,32,83,126,107
2016thru2020,040,0400000US53,Washington,53,1067765,344445,43110,15180,7835,7735,4055,8310,58020,10340,12070,14755,7395,13465,151620,17505,20995,35865,22070,55185,91690,6735,6490,11305,10130,57035,145865,13075,8385,2315,1185,435,755,45130,11455,11580,11470,4675,5950,69030,10565,13160,17765,9825,17720,18630,2020,1470,2800,2100,10240,534550,54365,40715,6930,3140,1115,2465,106495,35895,30475,21715,8005,10410,225255,43455,45955,54860,30120,50860,148430,15670,14150,18895,16305,83415,42905,12755,4600,2660,2415,1040,2040,17590,4435,4175,3985,1835,3160,11245,1845,2190,2655,1690,2870,1320,115,300,160,125,620,6810,4844,1671,995,730,676,559,678,2129,737,905,1131,759,853,3088,987,1061,1296,1195,1879,2598,754,834,806,749,2028,3190,974,714,433,267,139,206,1852,832,875,865,739,748,2269,846,1032,1199,861,1168,1203,476,349,589,431,903,4669,2097,1725,697,530,253,387,2570,1513,1243,1239,664,884,3758,1804,2009,2092,1621,1764,3176,1206,1258,1177,1036,2518,1802,975,688,413,353,232,334,1116,484,453,523,340,539,929,341,344,396,343,430,311,56,164,158,60,219
2016thru2020,040,0400000US54,West Virginia,54,193450,86260,26080,7760,5245,5205,2175,5695,21390,4260,4255,4975,2500,5400,31555,4980,4655,6035,3435,12450,7235,970,610,1110,735,3815,30110,4780,2940,700,495,225,420,10430,3230,2180,2340,1005,1675,13330,2850,2350,2885,1755,3495,1565,495,55,260,105,655,50280,13340,8755,2945,865,345,425,16040,5275,4880,3170,1235,1475,17270,4660,2625,4020,1800,4165,3635,695,360,455,500,1620,26800,10105,4105,1960,1615,720,1705,8760,2685,2035,1870,955,1210,7270,1905,1390,1870,600,1500,665,120,130,200,50,165,3058,2015,1235,698,640,538,376,626,1118,452,580,569,409,602,1225,506,562,568,377,888,712,224,161,287,256,519,1375,626,478,152,151,138,267,847,487,400,321,302,471,868,455,376,432,375,517,304,161,53,148,67,230,1718,786,736,418,204,199,160,1164,639,609,483,364,250,937,679,425,638,347,535,470,156,151,208,273,295,1162,765,467,273,373,202,331,690,388,417,357,299,277,625,315,350,340,174,297,209,88,93,148,43,119
2016thru2020,040,0400000US55,Wisconsin,55,781435,212995,40680,11050,8205,9115,4215,8095,86190,17295,16470,22925,10195,19310,77975,9720,11830,18260,10930,27240,8145,875,800,1065,820,4590,194885,21760,8465,5160,3865,1625,2650,121465,31140,27475,32475,13065,17305,48040,7795,6655,11355,7110,15120,3620,670,455,520,270,1705,360350,51005,34225,9085,4870,1045,1775,165885,44575,41560,41980,16070,21695,116455,19960,19125,26625,16140,34600,27010,4460,3835,3920,2735,12060,13205,4540,1320,1045,1080,415,680,6820,1795,1525,1655,735,1110,1805,450,310,415,250,380,40,25,0,15,0,4,4409,3103,1205,680,520,567,391,542,2013,895,869,1198,543,945,1958,649,692,877,750,1198,700,250,195,208,217,537,3507,1499,699,536,382,551,854,2509,1299,1475,1250,874,1038,1576,698,592,881,618,968,487,223,260,228,110,281,3310,1641,1334,726,565,221,287,2535,1798,1676,1507,878,1205,2268,1222,1189,1276,1030,1665,1219,634,512,475,541,731,721,417,262,214,162,95,161,524,288,245,261,167,206,263,118,110,143,92,117,24,26,22,17,22,22
2016thru2020,040,0400000US56,Wyoming,56,67700,29895,7145,1465,1595,1470,645,1960,8940,1590,1925,2110,865,2455,11955,1400,1530,2710,1645,4675,1855,90,65,410,210,1075,12390,1875,945,330,270,125,210,7370,1705,1955,1825,675,1210,2660,400,635,605,355,665,490,50,30,80,25,300,18185,4645,3030,660,515,110,325,8985,2725,2305,2215,720,1020,3870,910,385,865,605,1105,685,135,145,125,20,265,7230,2320,830,570,395,140,385,3190,620,630,885,310,745,1655,175,235,630,235,380,65,0,4,0,60,0,1697,1145,728,285,346,307,206,408,687,308,367,361,196,372,846,336,333,510,339,573,368,74,64,184,129,269,907,323,222,157,133,129,100,659,305,359,352,190,274,445,153,289,233,195,222,233,64,45,103,43,182,1097,624,546,204,212,83,155,817,416,409,374,202,238,563,323,169,230,252,268,186,76,87,90,26,134,692,444,244,197,134,81,194,430,176,178,171,152,204,327,100,136,191,114,138,69,29,9,29,69,29
2016thru2020,040,0400000US72,Puerto Rico,72,388350,242930,105765,37430,16965,19985,8585,22805,26000,7615,4555,5260,2190,6380,53365,11950,6415,12025,6305,16670,57800,10340,5055,8535,5555,28310,43545,14625,7065,2330,2175,980,2075,4875,1625,1000,1125,215,915,11490,3240,1570,2500,1475,2710,12550,2975,1095,1755,1010,5715,101130,42850,29780,6660,3550,910,1950,15745,6445,4590,3045,660,1000,17500,6085,2375,4320,1620,3095,25035,6335,1630,2360,1865,12850,740,300,80,55,90,50,30,110,20,0,50,4,40,160,40,0,100,10,10,170,50,15,0,50,60,4020,3483,2680,1552,1177,1238,824,1151,1016,577,479,509,337,598,1917,879,711,831,631,1195,2017,647,530,687,575,1368,1603,930,652,411,324,235,342,522,303,236,238,102,210,773,419,263,371,329,439,799,467,240,285,277,544,2077,1318,1150,592,427,192,315,854,657,482,400,188,217,1056,561,415,496,313,481,1323,651,281,373,364,908,171,111,56,65,60,63,33,70,32,34,50,10,36,96,38,34,80,16,17,100,42,22,34,63,58
