source,sumlevel,geoid,name,st,T10_est1,T10_est2,T10_est3,T10_est4,T10_est5,T10_est6,T10_est7,T10_est8,T10_est9,T10_est10,T10_est11,T10_est12,T10_est13,T10_est14,T10_est15,T10_est16,T10_est17,T10_est18,T10_est19,T10_est20,T10_est21,T10_est22,T10_est23,T10_est24,T10_est25,T10_est26,T10_est27,T10_est28,T10_est29,T10_est30,T10_est31,T10_est32,T10_est33,T10_est34,T10_est35,T10_est36,T10_est37,T10_est38,T10_est39,T10_est40,T10_est41,T10_est42,T10_est43,T10_est44,T10_est45,T10_est46,T10_est47,T10_est48,T10_est49,T10_est50,T10_est51,T10_est52,T10_est53,T10_est54,T10_est55,T10_est56,T10_est57,T10_est58,T10_est59,T10_est60,T10_est61,T10_est62,T10_est63,T10_est64,T10_est65,T10_est66,T10_est67,T10_est68,T10_est69,T10_est70,T10_est71,T10_est72,T10_est73,T10_est74,T10_est75,T10_est76,T10_est77,T10_est78,T10_est79,T10_est80,T10_est81,T10_est82,T10_est83,T10_est84,T10_est85,T10_est86,T10_est87,T10_est88,T10_est89,T10_est90,T10_est91,T10_est92,T10_est93,T10_est94,T10_est95,T10_est96,T10_est97,T10_est98,T10_est99,T10_est100,T10_est101,T10_est102,T10_est103,T10_est104,T10_est105,T10_est106,T10_est107,T10_est108,T10_est109,T10_est110,T10_est111,T10_est112,T10_est113,T10_est114,T10_est115,T10_est116,T10_est117,T10_est118,T10_est119,T10_est120,T10_est121,T10_est122,T10_est123,T10_est124,T10_est125,T10_est126,T10_est127,T10_est128,T10_est129,T10_moe1,T10_moe2,T10_moe3,T10_moe4,T10_moe5,T10_moe6,T10_moe7,T10_moe8,T10_moe9,T10_moe10,T10_moe11,T10_moe12,T10_moe13,T10_moe14,T10_moe15,T10_moe16,T10_moe17,T10_moe18,T10_moe19,T10_moe20,T10_moe21,T10_moe22,T10_moe23,T10_moe24,T10_moe25,T10_moe26,T10_moe27,T10_moe28,T10_moe29,T10_moe30,T10_moe31,T10_moe32,T10_moe33,T10_moe34,T10_moe35,T10_moe36,T10_moe37,T10_moe38,T10_moe39,T10_moe40,T10_moe41,T10_moe42,T10_moe43,T10_moe44,T10_moe45,T10_moe46,T10_moe47,T10_moe48,T10_moe49,T10_moe50,T10_moe51,T10_moe52,T10_moe53,T10_moe54,T10_moe55,T10_moe56,T10_moe57,T10_moe58,T10_moe59,T10_moe60,T10_moe61,T10_moe62,T10_moe63,T10_moe64,T10_moe65,T10_moe66,T10_moe67,T10_moe68,T10_moe69,T10_moe70,T10_moe71,T10_moe72,T10_moe73,T10_moe74,T10_moe75,T10_moe76,T10_moe77,T10_moe78,T10_moe79,T10_moe80,T10_moe81,T10_moe82,T10_moe83,T10_moe84,T10_moe85,T10_moe86,T10_moe87,T10_moe88,T10_moe89,T10_moe90,T10_moe91,T10_moe92,T10_moe93,T10_moe94,T10_moe95,T10_moe96,T10_moe97,T10_moe98,T10_moe99,T10_moe100,T10_moe101,T10_moe102,T10_moe103,T10_moe104,T10_moe105,T10_moe106,T10_moe107,T10_moe108,T10_moe109,T10_moe110,T10_moe111,T10_moe112,T10_moe113,T10_moe114,T10_moe115,T10_moe116,T10_moe117,T10_moe118,T10_moe119,T10_moe120,T10_moe121,T10_moe122,T10_moe123,T10_moe124,T10_moe125,T10_moe126,T10_moe127,T10_moe128,T10_moe129
2016thru2020,040,0400000US01,Alabama,01,1888505,1306505,1292525,111475,40825,1935,68715,124700,57860,3275,63565,200100,120830,6645,72630,130695,88835,4215,37645,725555,581445,20990,123125,10515,1195,830,340,20,1415,1155,260,0,2285,1580,645,60,1430,985,445,0,4190,2585,1580,25,3465,615,525,80,10,510,340,170,0,740,525,140,80,415,255,135,20,1185,835,260,90,582000,564530,153210,57270,1780,94160,105685,47375,2185,56125,114625,57275,2605,54745,52360,27710,1525,23130,138645,77300,3255,58095,10775,2860,2465,325,70,2805,2350,365,90,2190,1765,420,10,885,775,115,0,2035,1640,360,35,6690,1840,1470,70,300,1220,825,60,330,1785,1175,240,375,725,570,40,115,1125,630,100,395,5746,8890,8805,2665,1720,323,2158,2720,2150,447,1924,3675,2863,733,2144,3044,2339,472,1723,6949,6823,1146,2729,938,289,242,143,38,329,306,120,29,396,314,201,44,325,280,168,29,534,460,297,44,434,223,226,60,18,203,155,127,29,207,180,95,93,152,142,71,37,230,199,117,75,5960,5872,3181,1942,290,2277,2451,1616,382,2071,2882,2220,414,2139,1666,1335,335,1449,2946,2392,554,1912,801,452,402,136,72,450,405,178,70,345,299,161,13,261,252,69,29,374,351,130,40,729,302,276,43,125,399,266,45,280,370,333,111,173,275,265,47,93,342,245,75,203
2016thru2020,040,0400000US02,Alaska,02,255175,165375,157050,11700,4015,170,7515,11925,5840,235,5850,23125,14170,560,8395,17675,11425,560,5690,92630,72035,2505,18090,5020,360,265,95,0,920,755,165,0,1235,865,365,10,540,440,100,4,1960,1505,455,4,3300,545,375,140,30,760,475,255,35,755,430,325,4,320,210,105,4,915,630,250,40,89795,81595,15165,5450,60,9660,13535,6525,85,6925,18850,10025,210,8615,10655,5520,150,4985,23390,12325,250,10815,4590,760,685,35,40,930,880,50,4,1340,1250,75,10,445,440,4,0,1110,740,245,125,3615,830,630,90,110,635,420,100,115,1145,930,115,105,375,280,30,65,625,425,65,130,1324,1895,1917,727,443,77,604,708,523,76,561,1128,849,169,744,971,709,144,604,1497,1455,362,920,471,73,57,40,23,253,261,56,23,260,212,127,14,156,152,52,5,277,270,104,13,296,112,107,32,38,157,141,62,26,154,140,71,2,81,83,40,14,155,139,58,30,1818,1823,921,587,44,731,947,733,39,570,995,781,115,638,801,578,104,650,1100,875,105,708,539,177,168,31,46,229,228,38,1,311,305,54,19,145,144,6,23,287,234,112,99,465,192,173,45,55,147,132,72,79,273,248,64,54,135,118,30,55,152,128,45,58
2016thru2020,040,0400000US04,Arizona,04,2643430,1727175,1681115,130895,53510,2440,74950,145880,69910,3560,72410,254480,154700,8730,91050,167475,111875,6155,49445,982385,751395,29585,201405,33640,3705,3000,705,0,4920,3830,1065,25,8090,5325,2755,10,4655,2800,1830,25,12275,7445,4810,20,12425,2090,1340,655,95,1975,1310,545,125,2760,1700,970,85,1535,920,595,20,4065,2350,1575,140,916255,845815,160455,56055,2195,102210,131420,58910,3440,69070,188995,91255,5055,92680,97940,49505,2870,45565,267005,142975,5900,118130,44405,11400,10530,790,75,9825,8340,1380,105,11535,9625,1690,220,4155,2925,1065,170,7490,5780,1585,130,26035,6820,5370,450,1000,5710,4640,435,640,5525,3700,815,1010,2865,1485,600,785,5115,3210,790,1115,6290,9001,9080,2771,1987,371,2210,3391,2438,410,2627,4374,3374,871,2723,3251,2660,564,1776,7476,6731,1208,3707,1633,730,628,259,31,551,509,204,28,793,711,446,12,610,454,343,38,947,881,490,23,828,263,189,170,47,320,240,157,126,302,248,217,54,295,250,156,24,580,399,350,72,6466,6489,3351,1772,310,2688,3001,2200,706,2387,3954,2814,674,2630,2805,1639,438,2053,4315,2810,635,3639,2496,910,897,224,50,933,868,305,77,1577,1572,351,126,634,554,243,128,1035,953,351,97,1472,797,653,173,346,740,708,149,205,633,551,207,256,650,429,197,338,851,714,304,318
2016thru2020,040,0400000US05,Arkansas,05,1170545,770475,758090,53245,19695,555,32995,71540,32020,1360,38160,119480,73060,3335,43085,75910,51185,2710,22015,437915,351690,12235,73995,9700,850,685,170,0,1305,1085,215,4,2135,1630,510,0,975,690,285,0,4430,2980,1450,0,2690,300,245,15,40,335,265,20,50,845,635,75,130,190,145,35,10,1025,605,240,180,400065,379960,85975,31890,1005,53085,71610,31795,960,38855,81490,39695,1930,39865,41025,22505,1030,17490,99860,58600,2445,38815,12970,2740,2340,395,0,2530,2190,315,25,3525,2950,550,25,1500,1115,355,30,2675,2105,445,125,7140,2110,1770,70,270,1685,1210,90,385,1510,1130,175,205,640,480,20,145,1190,620,135,440,4409,6164,6139,1614,1007,150,1327,2146,1338,240,1544,2395,1952,445,1593,2387,1962,509,1268,4724,4641,768,1990,708,259,225,114,29,259,268,93,12,364,273,199,29,227,183,129,29,410,398,278,29,419,113,100,22,44,139,129,30,53,288,218,48,134,79,68,36,16,197,148,98,127,4589,4446,2056,1535,324,1724,2436,1742,220,1472,2541,2139,376,1726,1617,1233,284,1200,2963,2368,440,1631,1055,437,407,167,29,398,385,114,39,580,522,190,33,419,336,166,35,417,395,162,111,752,387,374,62,167,325,293,43,188,324,282,96,104,257,234,25,88,303,211,60,187
2016thru2020,040,0400000US06,California,06,13103115,7241320,6938860,642925,279790,14945,348190,651245,377975,27435,245830,1036300,686980,56245,293075,700260,498230,39640,162395,3908130,3067405,160300,680425,223040,14500,10380,3945,170,30340,20245,9980,115,53855,32870,20635,350,34435,20065,14275,95,89915,53685,35365,865,79415,7040,5140,1730,170,11185,6760,4040,380,19920,10745,8765,415,12100,6600,5185,315,29170,16735,10975,1460,5861795,5088515,1263415,514600,21515,727300,825640,459335,24930,341375,999970,560815,31485,407670,513715,282820,17815,213075,1485780,809175,35720,640890,457715,123610,107440,12315,3850,115505,96445,17310,1755,112550,86580,24045,1920,42240,31725,9420,1095,63810,47845,12570,3395,315570,98435,81720,8360,8350,75500,56770,11585,7145,69640,47590,12970,9080,25800,16985,4625,4195,46200,30170,4930,11100,18539,35704,35147,6158,4076,1052,4497,6421,4611,1156,3771,8432,6581,1886,3994,7217,6503,1451,3257,25879,24330,3431,6636,3412,873,668,467,86,1240,1030,793,67,1656,1380,957,143,1213,1032,856,57,2192,1946,1387,239,2334,665,555,300,73,843,699,476,139,1098,786,798,122,808,623,487,124,1322,1056,751,338,20326,17433,9378,6746,1263,6715,8604,6392,1259,4871,9246,6413,1319,6195,6272,4149,1079,4310,9598,8063,1860,6157,6034,3150,2974,909,394,2684,2620,1022,319,2689,2650,1357,294,1584,1342,680,237,1989,1659,803,531,4405,2184,2002,785,696,2097,1970,647,713,2032,1856,988,780,1434,1194,596,538,1753,1502,508,741
2016thru2020,040,0400000US08,Colorado,08,2137400,1415325,1396520,105605,38610,1620,65375,121760,63450,2390,55920,219980,136050,6505,77425,157315,107350,4520,45450,791860,628775,18135,144950,14400,1310,1115,170,30,2210,1885,325,0,3710,2830,815,65,2260,1690,565,0,4910,3410,1390,110,4400,370,240,110,20,795,475,110,205,1155,875,275,4,605,420,100,85,1475,1035,275,165,722080,686620,154105,48440,1330,104335,121625,51130,2000,68495,157855,71020,2940,83895,79975,37075,1270,41630,173060,83255,3040,86765,22670,6020,5525,460,35,5240,4815,375,50,6045,4850,1090,105,2450,2025,340,85,2915,2260,450,200,12790,3030,2410,65,555,3390,2490,335,560,2675,1685,365,630,1440,1025,65,345,2255,1115,145,995,4708,7386,7586,2939,1602,317,1915,2754,2174,302,1834,3510,2600,580,2154,2825,2292,464,1830,6129,5689,976,2806,943,268,264,86,35,436,413,117,29,486,456,223,59,357,342,171,29,551,491,273,63,524,139,111,76,37,324,183,58,262,282,233,169,16,185,150,56,61,262,196,156,119,6562,6284,3239,1868,291,2630,2754,1596,335,2075,3130,2160,468,2596,2135,1430,217,1506,3461,2384,490,2504,1360,702,723,167,37,575,584,143,52,832,665,462,85,494,429,157,101,513,452,197,101,906,456,411,55,215,517,471,137,177,428,333,157,203,312,292,53,140,338,267,87,205
2016thru2020,040,0400000US09,Connecticut,09,1385435,915410,907930,65530,24475,875,40180,79870,41930,1410,36535,132560,83035,4030,45490,93125,62730,2605,27790,536850,432235,14520,90095,5910,325,285,40,0,760,545,215,0,1540,1185,360,0,860,525,335,0,2420,1670,730,20,1570,65,50,15,0,275,150,105,20,295,160,130,10,225,205,4,15,705,535,140,35,470030,451980,143595,54020,1675,87905,85960,41260,1800,42900,85590,39635,2145,43805,41010,19895,695,20425,95825,48585,1675,45560,11635,3885,3420,435,30,2880,2480,370,30,2230,1850,365,10,1040,955,85,0,1600,1225,235,145,6415,2525,1955,85,485,1290,1005,75,210,1195,780,50,365,485,380,40,70,920,555,40,320,3273,5010,5052,1917,1175,262,1586,2093,1334,367,1521,2714,1912,613,1533,2015,1744,399,1206,4874,4780,1056,2626,549,110,113,42,30,196,153,114,30,345,326,118,30,205,175,122,30,368,297,183,33,260,41,32,23,30,102,77,60,22,107,73,82,13,114,111,7,21,191,174,85,33,4548,4369,2896,1819,348,2505,2375,1938,294,1643,2571,2043,430,1855,1860,1223,168,1264,2395,1559,406,1919,907,509,489,149,30,415,400,123,36,351,337,99,17,317,319,60,30,326,279,93,104,673,450,422,50,176,285,262,75,127,322,245,56,144,162,142,38,46,263,175,41,199
2016thru2020,040,0400000US10,Delaware,10,370955,264915,262680,20990,8025,265,12700,23020,11235,445,11335,42430,26025,1295,15110,26720,17410,835,8480,149520,118260,4910,26350,1930,345,265,80,0,200,200,0,0,450,290,160,0,190,100,85,0,740,365,370,4,305,60,60,0,0,4,0,4,0,50,30,20,0,75,50,25,0,115,75,40,0,106040,102245,24440,8860,235,15345,18325,8440,285,9595,22465,10645,545,11275,10780,5510,135,5135,26240,13510,525,12200,2690,565,530,30,4,500,375,65,65,700,585,85,30,345,320,25,0,585,255,325,0,1100,245,145,0,100,415,305,15,100,130,55,50,25,100,95,0,4,210,130,0,80,1820,2572,2603,1204,803,114,916,1394,885,133,927,1422,1212,249,1064,1384,1047,184,975,2704,2451,932,1136,306,156,107,109,29,101,101,29,29,155,120,100,29,103,61,81,29,179,135,129,17,112,43,43,29,29,15,29,15,29,47,32,31,29,57,47,31,29,61,51,38,29,2163,2097,1402,772,100,1180,1123,830,127,844,1562,1023,170,1171,938,627,78,698,1462,990,152,987,405,179,177,32,11,180,142,50,90,188,173,66,44,136,134,36,29,204,100,178,29,305,104,78,29,64,206,188,21,86,72,47,45,33,93,93,29,6,135,102,29,82
2016thru2020,040,0400000US11,District of Columbia,11,288305,122650,121085,10595,2940,365,7285,6980,3095,235,3650,6835,3340,195,3295,8400,3715,220,4465,88275,50475,1450,36345,970,70,10,60,0,170,110,60,0,130,40,90,0,40,20,15,0,555,380,135,45,595,0,0,0,0,95,65,25,0,35,10,15,10,0,0,0,0,465,365,25,80,165660,156765,46270,14710,925,30630,18995,6075,400,12520,14735,3920,270,10545,13525,3305,275,9945,63240,18865,270,44105,3965,1880,1570,260,50,630,495,135,0,490,325,145,15,275,230,40,4,695,580,25,90,4930,1290,750,10,530,1100,905,35,160,540,340,60,140,380,200,60,120,1625,725,120,780,1321,2319,2316,764,491,161,699,692,488,96,462,624,478,92,521,679,448,96,511,2070,1549,244,1786,212,74,17,74,31,104,98,40,31,60,34,61,31,33,27,23,31,134,122,64,42,272,31,31,31,31,83,73,37,31,33,14,29,16,31,31,31,31,254,252,46,61,2395,2473,1591,904,275,1396,1096,576,148,1010,1328,618,264,1108,989,478,293,864,1803,1104,154,1855,496,344,360,189,35,203,178,78,31,178,160,93,28,129,118,48,1,230,219,28,62,795,364,241,21,257,314,308,37,91,206,151,76,101,150,112,50,82,513,217,98,458
2016thru2020,040,0400000US12,Florida,12,7931315,5250880,5165765,483850,178670,7160,298020,524390,253190,11920,259280,849735,514515,26600,308620,538165,355345,18185,164635,2769625,2117730,77100,574795,63825,4300,3295,995,10,8570,6345,2135,90,15650,11220,4165,265,9170,6245,2900,25,26135,16210,9665,260,21290,2100,1705,170,225,3070,2295,565,205,5300,3740,1325,235,2690,1570,875,245,8130,5775,1870,485,2680435,2529820,537785,208260,7790,321735,437690,224275,9675,203740,564205,299145,13725,251335,278325,151070,6910,120345,711810,399040,15000,297775,98655,23155,20525,2545,85,22995,19825,3130,40,26270,21540,4290,440,9960,7745,1925,285,16275,12115,3525,635,51960,12315,10035,930,1355,11385,8560,1235,1595,12900,8810,1410,2680,5280,3405,595,1280,10080,6870,660,2545,23194,29162,28790,5567,3878,757,4534,6351,4254,1087,4631,8419,7009,1463,4038,5617,4546,1037,3574,21912,19931,2405,6811,2022,600,490,282,14,804,700,406,98,1141,946,511,193,881,713,421,28,1475,1162,920,115,1314,343,295,103,103,462,363,197,114,651,556,302,119,445,308,323,136,707,620,279,250,14277,13517,7063,3944,953,5326,6298,4516,855,4227,7908,5344,1167,5117,4737,3582,741,3368,7819,6237,1246,5273,2446,1413,1391,432,75,1309,1174,449,32,1415,1367,603,162,886,827,323,167,958,866,478,225,2000,873,792,244,316,864,759,301,373,1099,887,316,463,580,472,200,307,814,675,194,427
2016thru2020,040,0400000US13,Georgia,13,3830265,2453160,2424355,187120,76000,4355,106765,211480,109765,6770,94945,359620,228650,14105,116860,242945,165420,9835,67685,1423190,1127780,45095,250315,22175,2150,1855,290,0,3640,2685,950,4,5450,3525,1875,50,3115,2185,930,0,7820,5105,2610,105,6635,685,590,60,35,710,600,110,0,1760,1410,290,65,655,370,280,4,2825,2190,520,115,1377105,1322105,299695,126365,5335,167990,231525,116690,6215,108620,280345,142745,8250,129350,139180,73170,4345,61665,371360,204230,9445,157685,38835,10140,8780,1170,185,8530,7140,1290,95,9070,6845,1965,265,4485,3415,1020,50,6610,4840,1390,380,16165,4205,3510,440,260,3505,2795,570,135,4320,3235,500,585,1130,870,130,135,3005,1965,360,680,8093,14997,14955,4382,2647,617,2942,3644,2716,809,2784,4728,4273,1022,2767,4306,3358,969,2524,12029,11671,1712,4939,1235,592,568,119,33,515,417,267,4,703,614,357,68,443,350,239,33,761,584,459,108,739,193,182,45,45,211,176,76,33,383,328,173,56,217,167,136,16,489,353,342,61,9408,8842,4803,3027,763,3654,4523,2834,976,3206,5667,4166,880,3389,2859,2280,527,2364,4986,3859,903,3095,1984,973,902,324,93,915,814,306,74,802,692,376,188,728,590,341,55,788,695,298,175,1153,504,510,136,125,592,542,225,79,643,612,188,209,352,312,101,97,412,364,159,178
2016thru2020,040,0400000US15,Hawaii,15,467930,282035,264210,22040,8725,275,13040,23440,11735,905,10800,41930,24955,2015,14960,31400,20880,2030,8490,145400,108990,12530,23885,11835,385,300,90,0,665,445,220,0,2080,1185,870,25,1595,825,770,0,7105,3690,3340,80,5990,200,175,4,20,595,375,120,100,1040,595,390,55,1050,810,235,10,3105,1325,1645,140,185895,163055,36075,12970,685,22420,26395,14530,415,11450,36255,20665,755,14835,19700,12380,585,6735,44630,28245,1405,14980,12710,2380,2080,290,10,2365,1790,580,0,3645,2970,670,10,1810,1460,340,10,2510,1730,740,40,10130,1665,1245,255,165,2265,1850,215,205,2630,1830,425,375,1365,835,225,305,2200,1455,440,305,1885,2961,3042,963,766,83,777,1227,728,253,902,1389,1143,327,779,1280,915,300,816,2407,2086,754,1136,734,134,136,51,28,185,160,120,28,386,240,253,29,275,195,203,28,606,445,452,47,518,95,94,10,21,163,148,53,57,190,152,105,52,280,259,94,13,351,249,250,70,2657,2345,1219,883,261,1040,1194,888,161,836,1490,1091,211,973,1321,872,178,849,1655,1352,284,873,803,347,327,148,16,411,401,182,28,445,379,183,14,302,274,128,19,353,327,173,37,810,290,249,160,69,389,345,109,75,357,295,142,152,279,214,86,166,404,334,129,133
2016thru2020,040,0400000US16,Idaho,16,649300,459430,451685,29955,11205,325,18430,40175,19780,815,19580,74625,48505,1485,24635,53710,38400,1345,13965,253225,206445,7030,39755,5975,340,330,10,0,805,620,155,25,1640,1320,250,75,980,645,325,10,2215,1530,665,15,1765,170,140,30,0,270,255,4,4,435,345,80,10,155,100,20,35,730,465,210,55,189870,180665,36915,12445,285,24185,34405,15190,495,18720,43875,23755,675,19445,21700,11470,395,9835,43765,24360,1060,18345,6975,1405,1305,85,15,1610,1525,30,50,2305,2030,190,85,650,515,45,90,1010,855,80,75,2230,535,460,0,75,625,455,15,150,650,535,0,115,155,80,15,60,270,195,0,75,2232,3825,3829,1394,791,131,1085,1513,1152,277,1055,1911,1446,273,1391,2111,1835,279,1000,3753,3601,671,1706,686,132,130,14,29,190,167,75,44,261,263,101,70,356,157,297,15,380,315,206,19,326,91,85,34,29,150,152,15,7,154,138,51,16,88,62,32,50,204,151,117,47,3028,3030,1470,971,130,1320,1595,978,203,1189,1689,1331,226,1370,1172,819,161,979,1860,1517,256,1258,766,297,280,77,21,314,304,33,43,423,434,90,76,240,213,43,98,255,234,51,66,422,194,177,29,80,278,239,22,126,243,233,29,68,74,43,25,54,122,100,29,64
2016thru2020,040,0400000US17,Illinois,17,4884060,3237780,3192340,249710,97890,3975,147845,293905,145720,7145,141040,502785,308395,17305,177090,337970,228455,12175,97340,1807970,1430565,48140,329265,34905,3175,2545,615,15,5470,4405,1065,0,8050,5570,2480,4,4840,3055,1755,30,13370,8285,4995,90,10535,1055,860,160,35,1615,1310,260,45,2510,1665,730,110,1410,870,450,90,3945,2660,1005,280,1646285,1575295,440640,155605,6330,278700,281910,125600,5730,150575,314820,147920,6810,160090,152420,70190,3945,78285,385505,180095,6130,199280,44355,14075,12710,1210,155,10175,8600,1530,45,9810,8020,1705,85,4050,3070,860,120,6245,5055,960,235,26635,7700,5135,720,1850,6075,4515,305,1255,5150,3475,555,1120,2140,1255,250,635,5565,3095,535,1935,8589,15163,15406,3733,2305,438,2699,4180,3128,600,2740,5652,3981,867,3510,4333,3815,1226,2662,11053,9957,1642,4373,1380,386,331,180,24,532,505,221,28,688,529,333,4,479,396,286,43,838,628,552,56,855,341,323,102,34,357,335,119,41,369,339,172,83,257,206,153,95,563,462,284,99,9441,8741,4571,2902,600,4187,4233,3123,526,2868,4956,3238,789,3411,3134,2443,633,2335,5036,3656,679,3264,1839,1208,1168,288,74,810,767,286,38,731,710,324,52,498,455,274,98,686,649,247,101,1342,768,595,359,399,634,511,150,385,603,559,179,295,379,258,130,227,720,480,212,452
2016thru2020,040,0400000US18,Indiana,18,2602770,1808295,1789160,117525,43620,1675,72230,157140,68425,4360,84355,293055,174560,6410,112085,207510,143720,5560,58230,1013930,818485,23690,171755,15115,1180,1015,150,15,1820,1545,280,0,3645,2995,615,35,2555,1670,855,35,5915,4225,1690,0,4020,545,375,170,0,495,450,45,0,1025,770,205,50,505,335,150,20,1445,1140,260,50,794475,771000,195620,68630,2205,124780,152705,64605,2300,85805,174100,78035,2805,93265,82300,39960,1750,40595,166275,85815,2565,77895,15290,4205,3870,290,45,3450,3145,245,55,3720,3185,360,175,1395,1125,230,35,2525,1855,620,50,8185,2050,1640,80,330,2410,1845,150,410,1505,1010,25,475,1010,575,100,335,1210,840,110,265,6793,9969,10049,2530,1819,291,1904,3196,1763,1030,2402,4209,3201,692,2338,3748,3240,568,1680,7530,7662,1408,2813,1017,194,190,67,22,330,319,95,29,434,407,176,63,445,281,299,47,654,592,330,29,492,177,126,122,29,157,155,34,29,259,248,99,47,172,136,91,32,312,284,135,34,6013,5995,3137,2307,367,2955,2592,1959,423,2243,3130,2060,437,2414,2363,1910,363,1829,3532,2049,365,2478,1055,469,460,128,34,445,443,110,43,513,467,117,107,358,311,165,31,400,326,214,41,741,431,375,87,136,436,376,88,213,352,269,23,174,246,182,73,191,258,209,73,142
2016thru2020,040,0400000US19,Iowa,19,1273940,906965,897025,56900,19250,450,37200,78625,34830,1080,42715,149080,88255,2455,58370,105485,71965,1815,31710,506935,412785,7210,86940,7820,590,585,4,0,1175,1025,155,0,2020,1670,345,4,1090,840,225,25,2940,2130,775,35,2120,170,125,35,10,345,275,70,0,455,415,25,15,260,250,10,0,885,720,100,70,366975,355550,92585,26765,360,65455,69190,25900,510,42780,82300,33320,1035,47950,39210,17240,535,21435,72265,33690,1060,37510,7800,2410,2260,80,70,1615,1410,165,45,1695,1495,170,30,1105,940,160,4,975,775,125,75,3625,1050,780,40,230,805,665,75,60,740,570,20,150,370,250,15,105,665,415,40,205,4040,5091,5137,1485,957,123,1147,1735,1197,228,1206,2387,1861,357,1364,2206,1772,288,1195,4463,4116,536,2081,686,196,197,4,23,319,284,89,23,302,279,91,12,229,194,102,32,443,428,189,30,327,101,98,32,18,109,95,45,23,135,136,24,23,153,152,21,23,188,191,63,53,2781,2859,1914,1201,128,1741,1719,1077,157,1644,1835,974,244,1633,1383,993,162,1149,1923,1335,257,1466,746,386,373,62,98,310,290,89,44,365,340,88,40,245,225,115,4,262,251,69,44,486,284,264,31,112,218,212,59,50,196,171,22,101,139,111,20,67,193,160,36,133
2016thru2020,040,0400000US20,Kansas,20,1141985,756310,746630,47190,17255,615,29325,59875,27755,870,31250,116720,71700,2335,42685,83990,58540,2035,23415,438850,361650,8990,68215,8050,480,410,70,0,1650,1555,95,4,2090,1770,325,0,1080,980,100,0,2745,2110,595,40,1625,170,150,20,0,245,195,50,0,295,230,50,10,150,130,15,0,765,605,125,35,385675,371595,82115,23785,460,57870,69485,27565,510,41410,88850,39700,1235,47915,41870,20015,680,21180,89275,48345,1500,39425,8340,1925,1660,225,40,2215,1945,190,80,2180,2010,170,4,705,570,95,45,1320,1110,165,45,5740,1840,1395,40,405,965,795,15,155,1615,1030,50,530,355,265,4,85,965,700,50,215,4096,5039,5029,1436,891,147,1177,1657,1185,138,1167,2482,1807,366,1509,1933,1769,326,911,3394,3460,567,1838,728,140,131,51,26,364,363,54,7,250,251,119,26,215,211,64,26,378,329,158,40,266,72,68,20,26,115,100,51,26,88,71,59,15,79,75,23,26,192,169,72,29,3257,3474,1930,1193,157,1667,2023,1344,153,1733,2341,1644,267,1667,1409,1082,168,1124,2031,1424,326,1276,672,360,349,100,38,420,404,116,84,332,311,95,1,186,169,73,45,283,257,119,46,754,454,376,43,221,257,243,22,109,380,312,55,226,148,133,4,57,295,237,48,149
2016thru2020,040,0400000US21,Kentucky,21,1748055,1181020,1167535,97325,37195,1740,58390,112070,52840,2555,56675,183745,109535,4720,69490,122195,84000,3550,34645,652200,522365,17790,112045,10555,1060,730,310,15,1685,1405,250,25,2280,1670,590,15,1555,1190,340,25,3980,2485,1440,60,2930,565,525,10,30,410,370,30,10,755,555,145,55,260,205,45,10,940,655,200,85,567030,545365,145310,53990,2260,89060,96120,43060,1565,51500,115745,57965,2505,55275,55295,28795,1665,24835,132890,75385,2675,54830,15080,4735,4255,425,55,2915,2575,325,15,3080,2400,535,140,1745,1435,275,35,2605,1830,595,180,6590,2140,1790,95,260,1210,885,35,285,1175,815,40,315,1025,725,40,260,1040,655,60,320,5375,8067,8054,2165,1498,350,1428,2351,1361,409,1821,2770,2278,496,1755,2452,1795,418,1273,6739,5930,909,2672,759,219,191,129,20,307,295,117,40,340,278,174,18,336,284,125,43,454,388,215,63,440,187,191,13,37,150,146,31,20,229,203,84,49,107,103,44,13,223,173,89,66,4970,4882,3055,1842,406,2334,2124,1685,289,1548,2839,2021,434,1785,1986,1146,431,1315,3296,2397,452,1935,922,603,615,157,58,378,343,115,24,466,386,196,83,426,416,88,35,403,314,174,87,860,383,368,71,141,279,259,32,144,323,286,39,152,390,345,55,169,426,360,59,186
2016thru2020,040,0400000US22,Louisiana,22,1751955,1167630,1150555,101405,40650,2190,58565,115310,53685,3015,58610,166305,97900,5735,62665,109940,70600,4370,34970,657595,515385,19085,123125,13185,1435,1225,210,0,1385,1005,385,0,2610,1845,750,20,1535,1010,525,0,6215,4290,1730,200,3890,345,215,65,65,440,415,15,4,410,245,95,70,400,235,145,20,2290,1945,305,45,584330,561610,155280,59365,2270,93650,106715,48945,2650,55120,106250,49495,2775,53980,52325,26095,1135,25095,141045,70400,2815,67830,16370,5390,4715,665,4,3450,3015,375,60,3165,2400,705,55,1500,1230,265,10,2870,2370,285,215,6345,1970,1730,135,105,1595,1215,145,240,1075,815,120,145,575,415,70,90,1130,755,125,250,5504,7911,8132,2592,1928,415,1973,4114,2515,447,3123,3106,2261,586,1943,3374,2432,842,2294,6735,6099,1153,3303,1198,329,318,97,32,269,245,120,32,630,624,218,33,302,247,175,32,755,625,356,113,581,140,126,39,58,175,175,20,11,140,102,63,71,127,94,88,25,501,509,97,41,5800,5613,3343,2345,325,2671,3256,1924,452,2581,3004,2156,403,2252,2046,1566,337,1342,3728,2317,394,2723,1287,843,734,327,7,513,479,146,97,542,486,216,45,373,332,131,16,450,377,132,144,685,470,465,97,74,372,354,84,163,249,231,86,89,177,130,72,74,344,306,65,129
2016thru2020,040,0400000US23,Maine,23,569550,414940,411010,30575,9620,260,20695,40585,17765,500,22320,69430,41350,1380,26700,47950,32775,820,14355,222465,177150,4415,40905,2835,105,105,0,0,330,300,30,0,810,595,215,0,470,400,70,0,1120,870,240,10,1095,110,75,4,30,140,130,4,10,200,145,40,15,180,140,10,30,470,420,15,30,154610,150345,40545,9075,170,31295,29915,10600,280,19030,33635,13580,400,19660,16005,7230,90,8685,30245,14450,335,15460,2495,865,855,10,0,410,400,10,0,815,765,30,15,170,165,4,0,235,180,55,0,1770,425,280,0,145,635,555,10,70,275,245,0,30,130,90,0,40,300,230,0,70,2286,2905,2931,1345,666,91,1109,1399,996,137,1118,1989,1773,275,1221,1546,1371,167,760,2847,2521,502,1319,319,98,98,26,26,110,103,29,26,164,149,106,26,152,149,46,26,235,225,90,17,206,62,43,13,39,77,77,4,15,74,60,35,24,95,82,21,39,147,141,25,36,2332,2345,1482,699,88,1307,1387,878,128,1040,1449,915,166,1145,1033,677,61,811,1337,921,158,1008,401,237,239,13,26,145,146,21,26,290,290,32,25,73,74,19,26,94,82,35,26,452,188,138,26,114,304,307,15,55,133,131,26,29,92,87,26,34,128,117,26,48
2016thru2020,040,0400000US24,Maryland,24,2230525,1495830,1481160,111245,43960,2370,64915,124205,65810,4195,54200,186505,114730,7645,64125,152330,99885,7435,45005,906875,713025,29310,164540,12090,1255,840,415,0,2015,1390,625,0,2195,1535,645,15,1595,1095,500,0,5030,2850,2130,50,2580,170,125,30,15,515,425,95,0,525,320,190,15,300,155,85,60,1070,680,215,175,734700,698885,181510,67095,3125,111290,122545,60655,4120,57770,127950,61465,3250,63230,76555,38370,2480,35705,190330,98375,4455,87495,22665,6410,5770,555,85,5955,5230,660,65,4715,3950,700,65,1990,1660,270,65,3595,2775,630,190,13150,3960,2995,320,650,2820,2095,480,240,1815,1325,245,245,1385,1095,95,200,3165,2155,275,735,4134,7632,7646,2569,1499,310,2220,2535,1911,497,1820,3246,2674,626,1837,2715,2131,721,1569,5933,5574,1189,3176,877,226,211,149,30,429,290,255,30,322,311,169,24,328,256,210,30,559,409,323,51,380,76,70,25,18,191,172,64,30,153,112,108,16,126,97,55,48,243,204,86,118,5863,5671,3917,2518,392,2585,3096,2198,577,1972,3331,2435,490,2248,2399,1573,422,1775,3630,2382,567,2500,1371,755,716,202,83,682,648,222,50,531,509,196,56,362,326,125,59,444,422,217,88,1016,572,562,132,265,486,413,207,126,308,269,119,108,423,402,81,92,554,444,149,301
2016thru2020,040,0400000US25,Massachusetts,25,2646980,1654890,1638810,120725,42965,1545,76210,139440,71015,2980,65445,220315,138055,6790,75470,170420,116435,6465,47515,987910,790815,29640,167455,11655,650,555,95,0,1375,1115,260,0,1845,1160,630,55,1775,1185,585,4,6010,3715,2180,120,4425,235,185,4,45,495,435,45,15,880,650,150,85,615,290,215,110,2200,1655,380,165,992090,954775,298410,99850,3190,195370,159435,76575,3205,79650,161025,76185,3525,81310,87630,40325,1660,45645,248275,110740,3220,134315,22910,6205,5360,685,160,5065,4120,910,40,4470,3575,770,125,2705,2005,645,60,4460,3495,800,165,14405,3335,2495,150,690,2875,1900,240,735,3640,2580,375,685,1130,760,55,315,3420,2185,205,1030,4188,8187,8254,2710,1664,377,2061,2667,2072,408,1968,3098,2426,685,1695,3028,2498,605,1697,7614,7319,1359,3179,939,204,189,69,31,282,257,124,31,338,263,190,67,290,247,196,16,768,637,371,68,455,100,90,8,43,222,215,40,24,210,180,93,87,189,120,121,87,326,291,116,80,6037,5973,3875,2499,524,2856,3232,2310,596,2448,3227,2233,559,2188,2448,1851,360,1745,3355,2847,478,2863,1322,575,471,286,105,659,583,243,43,508,454,194,129,431,376,193,65,573,488,265,92,1108,522,404,101,262,448,325,103,329,553,500,146,274,290,208,47,181,581,535,139,211
2016thru2020,040,0400000US26,Michigan,26,3980410,2855485,2824305,213220,82050,3090,128080,257340,119880,5000,132460,470480,274990,10965,184525,307075,206475,7340,93260,1576190,1250205,35865,290115,25275,2770,2220,535,15,3635,2960,665,4,6515,5025,1460,30,3275,2285,935,55,9080,6460,2535,90,5905,915,730,145,40,1040,830,175,35,1265,975,205,85,510,385,75,50,2175,1625,445,105,1124925,1092180,299520,98690,3550,197280,204535,81240,3675,119625,231775,100610,4345,126820,110295,51705,1765,56825,246055,121285,3865,120900,22245,6325,5485,665,175,5315,4370,800,140,5420,4205,1115,105,1840,1385,385,70,3345,2490,650,205,10495,3130,2335,315,485,1830,1170,170,490,2590,1625,125,840,790,510,25,255,2155,1175,180,800,8395,11536,11827,3307,2404,360,2624,3681,2853,580,2545,4692,3404,792,3118,3268,2597,476,2222,9036,8953,1240,3824,1124,373,320,136,18,392,354,147,11,573,474,264,47,400,331,171,43,712,653,322,51,602,209,190,94,29,175,138,86,26,378,356,88,60,125,108,43,40,286,238,141,51,6437,6069,4077,2479,466,3267,3605,2103,489,2672,3464,2186,556,2675,2750,1918,338,1926,3676,2439,410,2851,1162,591,544,179,101,572,467,292,72,511,410,261,82,279,254,132,43,398,370,179,107,741,430,397,113,153,279,209,105,178,410,319,77,233,197,156,25,126,327,240,119,240
2016thru2020,040,0400000US27,Minnesota,27,2207990,1588610,1569705,100975,35100,795,65080,137585,68150,1550,67885,263945,162565,4935,96440,188855,131980,3210,53665,878345,716070,14815,147460,14450,1420,1210,190,20,2635,2310,315,10,3845,3120,720,4,2360,1775,580,4,4190,2950,1200,40,4460,405,365,15,25,965,840,75,50,985,760,145,75,625,490,110,25,1480,1200,230,45,619375,588235,160155,41640,1245,117270,114170,41490,1245,71435,132600,51440,1230,79930,63610,25415,705,37485,117705,52650,1825,63225,19370,6350,5805,250,295,5240,4715,305,220,4810,4135,470,210,1430,1255,160,10,1535,1240,215,80,11775,3650,3080,175,395,2990,2520,115,355,2535,1680,180,680,1190,965,20,210,1410,835,15,560,5610,7343,7488,1933,1304,163,1699,1997,1635,240,1507,3221,2567,415,2064,2333,2106,349,1467,5977,6121,925,2363,780,292,301,80,32,377,360,119,13,338,344,171,2,368,285,208,2,509,284,413,35,416,116,120,20,26,221,198,49,50,190,184,70,46,168,150,64,24,232,215,93,38,4191,4058,2758,1580,219,2390,2131,1435,283,1761,2555,1623,269,2185,1696,1043,160,1417,2457,1406,400,1831,963,651,619,122,99,584,601,126,123,526,526,194,117,300,283,122,15,287,279,133,42,933,413,383,121,164,631,583,85,144,497,431,69,199,280,283,23,106,277,214,19,151
2016thru2020,040,0400000US28,Mississippi,28,1116650,767970,756855,68580,24885,2020,41670,77185,34580,2045,40555,115680,68255,5125,42295,71520,47980,3455,20085,423895,334930,15025,73940,8515,915,655,140,120,1065,745,320,0,1675,1065,610,0,1175,840,330,0,3685,2190,1450,45,2605,235,155,65,15,405,330,70,0,640,410,185,45,295,175,100,20,1030,775,230,25,348675,333335,85900,35520,1905,48470,62100,28675,1520,31900,65805,36155,1580,28070,34015,19150,1035,13830,85515,49210,2230,34075,10020,3360,2910,435,15,1870,1535,305,30,2070,1665,325,80,1050,785,195,70,1670,1260,400,10,5325,1565,1200,115,250,920,670,215,35,1345,1070,190,85,415,280,80,55,1080,620,100,360,4461,5815,5847,2337,1285,421,1835,2244,1650,303,1429,2584,1825,691,1795,2303,1875,532,1063,4764,4542,1019,1987,829,245,182,83,129,253,234,131,32,316,257,205,32,352,304,131,32,429,303,288,58,371,99,85,47,18,230,227,52,32,239,184,127,59,154,137,68,20,225,203,120,43,4194,4084,2388,1507,426,1783,2263,1482,354,1704,2127,1823,333,1416,1459,1042,297,1035,2113,1726,396,1712,825,461,470,171,21,392,348,126,39,364,313,150,85,319,292,115,90,348,282,154,21,583,331,269,70,134,217,193,119,53,364,329,136,75,188,140,79,72,257,218,60,179
2016thru2020,040,0400000US29,Missouri,29,2440210,1637375,1619080,111060,39205,1555,70300,145125,67010,2960,75160,268435,158285,6550,103600,184245,126690,4585,52970,910215,733005,21490,155725,14905,1255,970,280,4,2060,1510,520,30,3635,2795,830,10,2300,1805,495,4,5650,4040,1555,55,3390,355,310,45,4,495,350,75,70,625,480,115,30,360,280,45,40,1555,1180,250,125,802840,777085,189290,60425,1915,126955,150720,59900,2645,88170,174840,82425,2390,90030,85650,41365,1705,42575,176585,93025,3250,80310,16980,4030,3770,215,45,4070,3480,540,55,3500,3060,285,155,2495,1960,510,30,2880,2240,535,105,8775,1900,1395,65,445,1675,1115,95,465,2300,1595,110,590,1185,690,25,465,1710,1045,15,650,6704,9325,9515,2627,1474,293,2071,2848,2052,397,2074,3597,2572,567,2607,3560,2812,537,1907,7723,7327,1024,3191,978,294,223,165,10,329,283,151,31,467,352,271,14,334,313,125,4,549,474,344,53,427,109,105,35,4,166,128,60,58,180,155,71,31,117,96,37,49,287,245,101,65,5648,5344,3831,1785,351,3198,2830,1953,379,2553,3312,2424,374,2286,2649,1937,339,2074,2966,2382,501,2248,1147,514,501,106,39,649,591,327,51,470,422,102,76,442,366,242,31,503,420,259,85,857,406,318,43,201,323,236,57,190,417,356,67,219,380,212,19,257,352,279,20,233
2016thru2020,040,0400000US30,Montana,30,436050,298730,294645,24705,8440,275,15990,30405,14690,535,15180,49360,29805,750,18800,33475,22720,660,10095,156700,123790,2655,30255,2975,145,105,40,4,525,475,50,0,785,580,205,0,415,315,95,4,1105,780,310,20,1105,85,70,15,4,110,50,60,0,255,215,25,20,85,60,10,10,570,320,170,80,137320,133205,31670,8485,250,22935,26200,9695,115,16395,30270,12400,235,17635,14165,6655,120,7390,30905,17030,480,13390,2520,500,440,60,0,420,415,4,0,595,485,110,0,370,335,35,0,630,385,115,135,1595,510,300,55,160,355,255,4,95,315,225,20,75,80,70,0,10,330,200,20,110,1972,2418,2426,975,653,117,835,1372,795,126,970,1777,1251,156,1097,1166,932,144,738,2186,2022,328,1249,382,53,50,28,5,167,162,33,26,179,166,87,26,159,146,55,13,209,188,101,28,178,45,39,18,5,66,37,43,26,109,101,20,22,44,45,15,14,136,83,80,64,2273,2393,1285,620,156,1235,1241,751,49,1006,1409,835,92,1020,914,618,66,698,1371,970,188,886,323,136,132,40,26,121,122,10,26,151,138,64,26,176,165,35,26,183,119,80,122,369,183,130,48,130,135,119,3,73,153,126,19,59,47,44,26,18,165,145,22,75
2016thru2020,040,0400000US31,Nebraska,31,766665,507290,501360,31440,10060,230,21145,40830,19225,495,21110,78655,48525,1535,28595,59155,41630,965,16560,291280,241475,4855,44955,4700,290,260,30,0,565,525,35,0,1545,1180,355,4,945,710,190,40,1360,955,390,15,1230,95,95,4,0,225,170,55,0,475,280,170,20,100,55,45,0,330,220,105,4,259370,250295,55120,15115,285,39715,47635,19220,670,27745,60085,25080,715,34290,29390,13750,690,14950,58070,29570,785,27715,6375,1395,1180,170,45,1475,1280,145,50,1805,1635,160,10,850,660,190,0,850,695,115,35,2700,630,435,35,165,530,370,4,155,585,375,20,190,340,210,40,85,615,360,45,210,2406,3356,3308,1074,592,85,862,1256,814,197,942,1600,1375,255,916,1565,1338,182,647,3301,2932,383,1348,457,122,117,30,23,162,162,27,23,278,262,144,13,238,218,91,58,219,163,135,21,240,56,59,1,23,139,132,43,23,145,103,109,34,49,35,34,23,110,91,58,14,2834,2915,1571,847,97,1304,1769,1151,193,1268,1576,1074,204,1286,1219,886,287,880,1775,1386,186,1264,568,275,273,82,49,278,248,94,48,282,279,73,20,228,179,107,23,228,204,70,40,378,165,136,39,72,155,115,10,114,145,132,19,84,147,123,43,61,188,147,44,110
2016thru2020,040,0400000US32,Nevada,32,1130010,644865,630105,43670,16245,720,26710,51215,25220,1245,24745,90960,54845,2850,33260,65005,44375,1945,18685,379255,281200,13970,84085,10920,580,465,115,0,965,785,160,20,2160,1560,595,0,1525,950,575,0,5685,3545,2050,90,3840,245,200,15,25,540,380,115,50,1035,755,240,40,535,340,145,50,1485,990,410,85,485145,452595,82360,27525,765,54070,70960,33095,1335,36525,98660,49125,2605,46930,52940,28100,1490,23350,147680,84070,5215,58395,20880,4900,4560,270,65,4340,3715,585,40,4865,4245,525,95,2110,1580,420,110,4670,3230,1345,95,11670,2980,2375,170,440,2420,1800,340,280,2870,2010,320,540,955,600,105,250,2445,1440,235,770,2778,4852,4707,1478,1031,214,1265,2213,1474,247,1352,2502,1929,436,1539,1939,1747,316,973,4405,3799,1021,2497,823,175,164,66,31,201,188,79,23,383,332,165,31,362,240,242,31,596,504,290,63,435,112,102,27,41,168,149,69,42,252,224,101,36,181,153,83,54,311,251,156,64,4269,4705,2133,1440,217,1716,2113,1542,302,1470,2675,1802,365,1764,1870,1426,328,1216,3155,2728,730,2041,1141,611,597,123,54,638,524,348,44,546,537,166,77,394,309,200,82,539,404,365,67,870,497,452,96,170,401,347,147,110,448,412,125,166,235,166,80,127,363,268,127,214
2016thru2020,040,0400000US33,New Hampshire,33,539115,383840,380385,24655,8810,250,15595,33110,15545,450,17115,59365,38240,1360,19765,42245,30245,885,11120,221010,179050,6360,35605,2770,55,55,0,0,185,150,35,0,680,430,250,0,530,380,135,15,1320,880,425,20,685,45,45,0,4,100,95,10,0,90,50,40,0,90,75,15,0,350,205,75,75,155275,150830,36440,10145,345,25950,28110,10475,195,17445,34495,15710,375,18405,17290,8390,85,8810,34495,16795,385,17320,2980,560,520,35,4,710,710,0,0,870,775,100,0,305,215,30,55,535,435,80,20,1465,200,175,15,10,565,360,55,150,255,190,4,60,205,140,0,65,240,120,55,65,1982,2910,2908,1227,753,124,983,1357,961,159,949,1739,1589,356,984,1453,1210,197,720,2731,2838,493,1435,417,57,57,28,28,88,82,29,28,186,158,95,28,205,184,99,29,282,259,111,20,181,38,38,28,28,83,79,20,28,50,35,35,28,81,79,21,28,129,107,59,40,2605,2563,1378,799,139,1243,1423,908,100,965,1268,995,120,962,941,790,65,577,1579,1054,135,1178,448,173,170,40,14,201,201,28,28,237,215,71,28,125,94,33,75,180,170,46,27,322,92,84,22,24,235,202,69,106,132,119,9,53,108,97,28,56,112,76,50,53
2016thru2020,040,0400000US34,New Jersey,34,3272055,2094425,2067865,155510,60740,2480,92290,174180,90215,4805,79160,257225,163455,8875,84895,200505,140715,7360,52430,1280445,1042615,40770,197060,20705,1405,1220,175,4,2475,1920,555,0,3590,2325,1265,0,2790,1805,965,15,10445,6375,4020,45,5855,555,430,25,100,455,440,15,0,1310,870,300,140,1095,765,220,110,2445,1735,590,120,1177625,1096985,306960,126060,4355,176545,187085,101075,4760,81245,199530,110045,5500,83985,112000,59675,3220,49110,291410,163140,5540,122730,49600,13055,11415,1365,275,11625,10205,1235,185,10400,8620,1655,130,4805,3575,1060,170,9715,7425,2025,265,31040,9480,8330,390,760,6830,5530,445,855,5330,4225,580,525,3360,2715,280,365,6040,4225,580,1235,6026,10844,10960,2696,1755,392,2259,3153,2460,579,2241,3410,3186,709,2218,3711,2937,674,1955,9034,8592,1417,4029,1071,287,284,86,11,421,417,179,30,530,432,286,30,345,290,224,24,698,548,517,29,577,183,143,44,94,148,151,18,30,231,221,121,115,285,224,129,135,351,305,189,98,8376,8782,5083,3259,632,3732,3982,2739,656,2682,3473,2248,559,2753,3076,2049,495,2060,4530,3038,641,2836,1790,970,899,315,125,912,792,362,106,942,796,374,85,504,433,305,142,728,643,423,123,1568,846,797,179,237,825,694,176,365,646,577,180,177,529,486,121,153,634,513,204,275
2016thru2020,040,0400000US35,New Mexico,35,792755,539080,525060,50595,18605,1100,30890,51870,25915,1720,24240,78290,45920,2750,29615,50190,32855,1615,15715,294115,217000,8200,68910,9430,930,650,280,4,1440,985,460,0,1915,1160,750,0,890,525,365,0,4250,2770,1435,45,4595,1025,700,145,180,620,435,170,15,1045,620,415,10,490,365,125,4,1415,920,445,50,253675,240655,56875,20975,835,35065,42175,17910,840,23420,47340,21935,990,24420,22470,12210,465,9795,71790,37665,1395,32725,8535,2150,1940,215,0,1775,1520,255,0,2315,2100,215,0,700,635,65,0,1590,1215,295,80,4485,1300,1045,85,170,825,625,70,135,875,685,60,135,610,405,15,190,870,620,55,195,2457,4443,4498,1842,1160,240,1414,1797,1235,379,1256,2228,1579,393,1456,1896,1646,264,960,3761,3484,743,2268,704,219,190,104,7,286,219,160,30,383,264,227,30,208,152,123,30,464,372,274,47,495,309,221,68,182,148,142,63,9,208,138,177,19,156,139,72,30,304,272,103,40,3729,3654,2141,1221,281,1679,1849,1380,442,1334,1778,1131,266,1379,1290,1008,161,822,2416,1459,328,1648,912,538,518,114,30,362,354,117,30,533,526,97,30,194,193,43,30,304,277,129,65,413,301,261,55,116,223,205,66,71,253,242,47,80,275,256,17,100,209,179,43,104
2016thru2020,040,0400000US36,New York,36,7417225,4014515,3926670,331820,129220,5940,196660,367095,190590,9660,166845,569520,350570,21030,197920,406380,276250,16265,113860,2251860,1763455,75995,412410,62330,5295,4370,895,30,7975,5760,2205,10,12075,8780,3230,65,7440,4795,2575,70,29545,20550,8720,275,25515,2885,2220,410,255,3185,2520,605,65,4470,3315,995,160,2700,1945,660,90,12275,8675,2320,1280,3402710,3115360,950990,363025,18230,569735,494870,244330,12485,238055,553395,272500,15510,265390,275925,134275,7250,134400,840180,396600,12475,431105,169850,50860,43970,6565,330,38805,32030,6390,385,35185,27385,7205,595,14920,11530,3200,185,30080,22410,6305,1360,117495,37820,31055,3700,3065,24285,18275,4315,1695,21875,15660,3495,2720,10435,7440,1375,1620,23080,14695,1960,6425,12555,17844,18174,5084,2523,540,4021,4526,2766,761,3115,5431,4336,1061,3690,4732,3566,1119,2381,14480,13385,1845,5372,2185,556,495,207,32,643,534,331,21,958,870,390,45,597,455,443,47,1305,1105,615,92,1186,402,341,208,191,424,389,156,45,462,442,187,76,428,373,196,54,880,757,313,319,11312,11362,7526,5444,1215,5519,6507,5001,1066,4152,6352,4752,1064,4374,4588,2984,649,3298,6886,4289,1091,5386,3906,2055,2012,691,163,1686,1533,633,135,1414,1255,679,236,925,875,447,81,1512,1240,884,283,3287,1895,1729,568,435,1510,1325,639,369,1250,1051,470,436,889,805,321,380,1343,1063,334,744
2016thru2020,040,0400000US37,North Carolina,37,4031590,2649850,2616050,202880,74800,3020,125065,245165,117675,6205,121290,406955,247525,11730,147700,275695,185080,8690,81920,1485355,1189980,35495,259880,25340,2760,2225,495,40,3960,3270,690,0,6520,5235,1275,15,3045,2040,985,25,9050,5800,3145,110,8460,990,880,65,40,1170,1040,105,30,1950,1435,420,100,1125,715,240,170,3220,2720,455,45,1381745,1325510,300935,117365,3695,179880,239125,110935,4595,123595,291545,142245,5900,143400,144345,73585,2935,67825,349560,192140,6330,151095,37185,10025,9185,755,85,9520,8175,1220,130,8805,6835,1875,95,3150,2605,500,45,5685,4455,990,235,19045,4885,3935,265,685,4680,3330,590,760,3350,2205,385,755,2315,1535,175,605,3815,2550,350,915,8485,13073,13240,3946,2212,527,3000,3704,2684,552,2821,5763,3729,1003,3433,4137,3081,860,2414,11479,10959,1643,4169,1314,484,440,159,62,556,508,223,31,624,559,262,23,437,360,212,33,835,706,544,100,803,230,233,54,36,279,266,88,36,339,330,147,58,313,285,122,168,494,481,130,32,8672,8262,4638,3371,487,3505,3915,3184,661,3084,4493,3139,708,2932,3390,2387,445,2351,5858,3851,600,3803,1698,935,885,181,59,839,686,337,105,764,743,335,65,638,598,187,48,587,555,233,113,1355,570,535,108,232,623,483,322,263,483,409,130,227,677,591,109,322,567,443,179,274
2016thru2020,040,0400000US38,North Dakota,38,320875,200670,198390,14755,4825,145,9785,16645,8670,140,7840,31070,18800,355,11915,23560,15665,245,7655,112355,92030,1405,18925,1965,175,75,95,4,275,235,40,0,430,375,55,0,370,355,15,0,710,660,50,0,320,40,30,10,0,35,20,15,0,60,60,0,0,60,35,25,4,120,115,4,0,120200,115585,28680,6660,140,21885,21835,6950,75,14815,27400,9980,210,17210,13125,4900,130,8100,24545,11895,120,12530,2570,455,445,10,0,610,525,20,65,720,705,15,0,380,320,4,55,405,320,50,35,2050,740,495,30,220,250,205,15,35,470,345,10,115,225,210,0,15,365,130,30,205,1732,1912,1896,751,395,83,620,805,541,64,589,1065,923,154,649,986,695,87,641,1753,1664,265,1140,355,68,46,46,2,86,78,32,23,185,182,31,23,246,246,16,23,268,272,29,23,137,41,34,18,23,50,48,16,23,45,45,23,23,49,33,32,6,96,95,2,23,1967,2057,1380,778,69,986,1114,659,44,942,1179,816,155,974,938,601,74,785,1390,880,79,981,486,157,156,15,23,229,234,15,66,330,330,15,23,148,142,9,61,147,144,53,51,431,274,201,28,214,129,126,15,29,197,184,12,83,100,95,23,23,191,84,47,163
2016thru2020,040,0400000US39,Ohio,39,4717225,3128170,3104500,211875,74000,2845,135030,271995,118875,4950,148170,496550,288995,11460,196095,344600,229395,9425,105780,1779480,1418415,39615,321450,19140,1495,1295,195,4,3200,2410,790,4,4240,3375,855,4,2910,1915,990,4,7295,4880,2365,45,4530,860,770,50,35,685,670,15,0,795,675,120,0,270,170,55,40,1920,1475,285,160,1589055,1548325,418925,149620,4320,264990,287780,120045,4390,163350,335380,150620,5965,178795,160450,75640,3155,81655,345785,174595,5415,165775,29540,8200,7170,965,60,6930,6045,735,150,6640,5510,985,150,2745,2115,465,170,5025,3875,910,240,11185,3190,2645,115,430,2820,2025,185,610,2260,1465,105,690,1155,505,35,615,1760,1075,100,585,9373,14572,14753,3837,2190,339,2997,3993,2687,502,2906,5058,3800,792,3446,4369,3923,647,2345,11381,11002,1400,4093,1053,329,326,86,29,482,388,250,13,499,451,209,15,410,342,212,3,630,552,291,41,491,240,225,36,31,207,205,19,29,182,171,67,29,86,71,46,46,305,260,132,84,8278,8252,4612,3117,453,3773,4101,2873,537,3588,5033,3333,591,3703,3126,2091,476,2433,4993,3669,616,3223,1521,735,645,290,36,793,758,226,96,713,666,222,98,372,370,166,81,580,527,234,110,901,475,414,73,123,535,422,100,235,386,267,67,258,321,155,29,256,345,228,78,212
2016thru2020,040,0400000US40,Oklahoma,40,1493570,986555,968880,68630,25955,1170,41505,93240,42395,2280,48565,151235,91725,4215,55295,101470,67080,2905,31485,554300,442465,15475,96360,14170,1575,1210,365,0,1900,1625,275,4,3275,2425,840,10,1890,1440,445,4,5535,3905,1615,10,3505,240,165,60,15,465,360,60,45,755,580,155,20,535,405,75,55,1510,1160,255,90,507015,484575,112235,43035,1195,68005,88835,40140,1635,47065,107560,54180,2115,51265,51575,26515,1040,24020,124370,68620,2885,52865,15560,3130,2925,185,25,3675,3285,355,35,4255,3585,585,80,1665,1330,300,35,2830,2035,565,230,6880,1790,1540,60,190,1520,1090,95,340,1640,1225,130,285,615,475,70,65,1315,825,95,395,3007,4254,4291,1778,885,174,1525,2764,1513,317,2232,2457,2007,441,1552,2321,1590,300,1449,4501,4447,1062,2050,826,351,260,240,23,304,281,79,5,342,299,168,12,226,182,102,1,425,369,211,9,304,67,58,35,16,125,103,43,41,161,143,86,26,143,109,44,82,193,173,75,53,3719,3606,2251,1718,275,1716,2247,1471,226,1691,2334,1535,262,1660,1700,1152,150,1251,2167,1693,480,1916,800,408,407,75,22,455,440,109,25,398,384,125,64,308,255,114,40,359,286,157,155,619,282,263,33,94,248,210,57,150,288,232,70,136,181,161,50,39,279,253,44,131
2016thru2020,040,0400000US41,Oregon,41,1642580,1031005,1011945,68515,24465,1100,42955,87760,41630,1440,44690,153745,94610,4235,54900,106925,73310,2990,30620,595005,466760,16080,112165,13610,755,715,35,10,1535,1185,350,0,3505,2935,570,0,2245,1910,310,30,5565,3830,1660,70,5450,805,645,45,115,800,555,240,10,995,855,110,35,915,720,170,25,1930,1260,475,195,611575,577265,126240,37770,770,87700,99830,40160,1040,58630,125490,58325,1670,65495,65530,31900,1390,32235,160175,83915,2540,73720,21335,4310,3850,390,70,5810,5390,340,80,5595,4855,640,95,1890,1605,275,15,3730,3025,595,110,12970,3025,2085,110,830,2660,1920,120,620,3145,1945,320,880,1495,1000,110,385,2645,1520,105,1020,3449,6704,6695,1941,1197,369,1487,2394,1530,308,1784,3108,2222,512,1821,2504,2085,363,1253,4995,5075,931,2814,1042,215,210,31,13,272,234,126,30,496,447,171,30,434,403,83,31,530,447,301,50,651,247,226,50,101,196,188,62,16,250,243,48,30,331,336,106,41,311,265,176,106,5493,5147,2680,1514,213,2523,2548,1638,232,1998,2685,2287,316,1930,1907,1543,307,1468,3187,2382,425,2332,1388,611,546,201,56,726,691,156,68,685,581,278,82,370,345,134,26,566,441,282,59,1079,503,372,74,321,477,397,80,226,538,398,136,314,309,251,73,164,422,367,56,283
2016thru2020,040,0400000US42,Pennsylvania,42,5106600,3522270,3494675,264545,95325,4355,164870,329880,150180,7615,172085,555145,341360,16265,197525,373575,257015,10980,105580,1971525,1590310,49560,331655,21050,2045,1735,315,0,2835,2190,580,65,4790,3580,1210,0,3160,2295,860,4,8215,5655,2470,90,6545,505,380,75,50,965,780,150,30,1120,955,145,20,895,715,160,20,3065,2220,500,340,1584330,1538385,409415,134145,5380,269890,282770,114540,5630,162605,321945,141690,5865,174385,158205,71685,3295,83230,366045,177490,5090,183470,28840,7375,6305,795,275,6695,5405,1030,260,6685,5525,1035,125,3130,2475,515,140,4955,3855,885,215,17110,4340,3030,145,1165,3940,2790,350,795,3690,2435,240,1010,1920,1075,110,735,3225,1740,75,1415,8067,14122,14160,3959,2070,565,3212,4661,2970,1547,3496,5481,4526,1066,3406,4158,3494,783,2340,11506,11368,1289,3736,897,352,330,148,26,377,322,189,67,479,425,238,26,394,339,163,26,628,499,362,62,571,131,107,69,46,199,186,97,30,212,200,53,17,201,185,76,17,507,409,221,192,9481,9258,5375,3155,589,4043,4216,2912,610,3315,4884,3091,700,3489,3607,2700,482,2294,4801,3526,467,2984,1586,766,726,209,116,727,658,256,119,674,624,234,80,628,565,174,86,497,432,230,106,1081,506,440,84,265,569,541,145,243,504,456,106,271,332,258,67,230,448,306,42,316
2016thru2020,040,0400000US44,Rhode Island,44,414730,255450,252890,15685,5130,170,10385,19100,9085,230,9790,36740,22530,905,13305,25140,16750,1130,7260,156220,122145,4245,29825,2065,70,70,0,0,260,205,55,0,495,400,95,0,200,120,80,0,1045,705,340,0,490,140,140,0,0,4,0,0,4,4,4,0,0,120,120,0,0,215,170,35,10,159280,153875,46750,14150,515,32080,27675,11995,415,15265,28885,14515,580,13785,14345,7065,170,7110,36215,17995,605,17615,3405,805,605,200,0,715,605,80,30,900,610,280,10,440,350,90,0,545,460,80,4,2000,535,395,20,120,370,260,4,105,340,255,0,85,195,185,0,10,565,460,35,70,1881,2678,2689,987,540,88,827,1063,681,150,825,1770,1258,240,909,1343,1031,576,638,2179,2125,508,1290,444,79,79,32,32,123,110,77,32,228,204,70,32,70,58,54,32,362,342,144,32,211,110,110,32,32,20,32,32,20,16,16,32,32,152,152,32,32,113,109,34,13,2765,2695,1672,1020,219,1401,1402,1021,159,1027,1337,1071,210,922,887,619,92,609,1461,978,182,1231,564,249,208,132,32,260,235,76,45,253,203,141,13,190,201,74,32,199,176,69,13,419,208,176,33,113,160,146,15,65,138,101,32,79,123,123,32,13,283,273,38,49
2016thru2020,040,0400000US45,South Carolina,45,1961480,1375390,1360845,114700,40195,2660,71840,130440,61030,3175,66235,216365,127080,7100,82185,139670,95580,5290,38795,759670,601700,19955,138015,11565,1040,795,245,0,1760,1350,410,0,3070,2220,830,15,1830,1265,565,0,3865,2385,1475,10,2980,240,150,85,10,280,225,30,25,610,435,165,10,540,445,85,15,1315,1185,110,20,586090,563130,136690,50445,2155,84090,98750,48240,1715,48795,121400,60640,2440,58315,59090,30775,1595,26720,147200,80175,3220,63805,15170,3880,3275,580,20,3880,3405,425,50,3360,2685,650,25,1455,1175,280,0,2600,1715,640,245,7790,2025,1465,30,530,1570,1275,150,145,2185,1610,185,390,690,430,20,240,1315,900,100,315,5749,8430,8546,2602,1697,470,2213,3060,1984,426,2238,3789,2684,702,2778,3057,2518,616,1591,7234,6511,1253,2637,840,229,212,117,31,331,311,150,31,476,395,257,20,374,277,247,31,552,465,259,14,415,111,74,87,16,113,106,32,28,170,144,110,20,195,165,80,25,287,281,60,32,6112,6104,3113,2034,340,2478,2645,1993,332,2279,3281,2240,414,2352,2135,1625,352,1322,3972,3064,515,2285,918,605,537,214,27,537,537,177,58,448,380,251,33,324,314,144,31,405,354,205,123,773,381,351,37,188,327,311,97,79,438,377,120,151,231,179,38,151,275,231,85,143
2016thru2020,040,0400000US46,South Dakota,46,347880,236495,233555,14975,5415,340,9215,18845,8905,180,9765,39665,23485,450,15735,27480,18870,330,8280,132585,109350,1765,21470,2230,235,130,105,0,385,350,35,0,610,520,85,4,280,240,45,0,725,580,145,4,710,100,65,30,4,115,100,15,0,180,110,65,4,110,90,20,0,200,100,70,30,111385,106765,25050,7455,360,17235,20945,7825,165,12955,25960,9685,300,15970,12410,5415,175,6820,22400,10990,170,11240,2770,765,575,150,45,840,700,140,4,520,430,90,4,315,290,25,0,330,270,45,15,1845,905,530,180,195,285,165,80,40,370,200,90,75,110,50,10,45,175,100,55,20,1733,2333,2294,780,441,116,576,953,671,68,616,1444,1066,138,948,1078,878,98,513,2079,1953,291,944,280,76,53,56,23,136,132,21,23,147,138,50,23,96,91,36,23,163,155,68,3,166,59,50,27,23,87,86,19,23,78,64,38,7,76,71,24,23,97,62,58,40,1901,1896,1109,616,107,815,1081,646,72,943,1238,638,128,1065,924,558,103,754,1022,626,75,895,492,193,174,49,52,251,235,78,5,230,215,56,5,135,136,24,23,153,150,32,22,329,206,157,74,111,114,91,57,40,152,121,54,70,77,35,18,67,88,73,43,19
2016thru2020,040,0400000US47,Tennessee,47,2639455,1756535,1738900,128040,47085,2555,78405,161185,76180,3645,81360,275670,168515,8415,98745,186480,127325,5565,53595,987525,790825,30085,166615,12795,1255,1015,205,30,1985,1480,475,30,3175,2090,1085,0,1645,1165,480,0,4730,3025,1640,65,4840,525,385,70,65,630,440,175,15,995,605,380,10,810,590,215,4,1880,1455,245,185,882920,852045,203055,79965,2735,120350,146880,66570,2865,77445,189130,91525,4245,93360,93155,46090,1915,45150,219820,120135,4705,94980,21850,5460,5085,340,35,4545,3740,735,75,5700,4850,720,130,2295,1700,575,15,3850,3110,565,175,9030,2195,1675,185,340,2070,1515,355,200,2040,1230,310,505,1080,595,115,375,1640,1135,245,260,6787,10833,10703,3064,1567,549,2494,3066,2096,416,2252,4034,3172,864,2274,3354,2709,635,1951,8873,7752,1339,3108,937,238,230,87,54,326,282,161,34,472,354,271,31,309,250,144,31,560,446,315,44,619,153,140,55,52,177,162,98,19,259,205,177,13,231,212,116,3,335,289,96,154,7496,7316,3623,2193,395,2952,3337,2446,477,2406,3809,2579,612,2962,2831,1953,325,1968,4600,3441,551,2916,1302,607,600,107,35,537,461,251,69,743,691,273,92,363,337,163,22,529,519,173,130,909,454,422,103,160,505,446,172,108,483,345,130,248,342,193,77,268,341,258,143,125
2016thru2020,040,0400000US48,Texas,48,9906070,6168810,5977695,464460,210520,11660,242280,528035,305380,20050,202600,864140,576940,40630,246565,582670,415255,30395,137025,3538390,2864705,129385,544300,142650,15470,12065,3345,60,21560,15955,5575,30,33990,22675,11230,85,19170,11910,7100,160,52460,31610,20455,390,48460,6270,4670,1340,260,7480,5480,1880,120,10750,7270,3195,285,5635,3640,1870,130,18325,13120,4845,360,3737260,3458615,725090,300495,10345,414250,577030,291065,13600,272365,740080,374590,17035,348455,380150,189505,8885,181760,1036270,554995,21045,460230,186935,51270,47160,3720,390,42705,37835,4700,170,43345,36895,5905,545,17160,13410,3265,485,32455,24900,6335,1215,91710,25660,21395,2055,2210,19450,15850,2180,1420,20525,14445,2685,3400,8105,5705,775,1625,17970,12015,1955,4005,18882,30907,30711,7444,4845,800,4802,6649,4320,1207,4633,7988,6853,1774,4720,7220,5475,1519,3285,24267,24227,3119,6781,3137,1090,907,595,42,1437,1305,533,31,1714,1348,1062,51,1127,999,659,122,2018,1414,1154,200,1769,747,641,345,81,743,637,495,85,828,684,492,164,645,490,346,93,1052,983,510,116,17280,15914,7921,5341,925,6248,7366,5113,1179,4765,8611,5973,1206,6062,4944,3989,936,4117,10032,7530,1195,6739,4444,2417,2233,497,131,1982,1888,653,110,2000,1796,641,282,1355,1218,611,247,1696,1533,903,290,2469,1413,1362,375,378,1188,1120,382,321,1354,1138,492,577,923,770,202,498,1386,1054,536,812
2016thru2020,040,0400000US49,Utah,49,1003345,707665,694100,39460,17130,505,21820,53985,31095,1555,21335,117530,83255,3980,30295,89895,70285,3590,16020,393235,327675,18390,47170,11370,920,725,175,15,1515,1235,280,0,3180,2775,390,20,1785,1440,345,0,3965,2505,1405,55,2195,350,305,20,20,220,155,65,0,650,525,125,0,280,240,40,0,700,505,140,55,295680,275525,55480,23475,650,31350,50925,28095,525,22305,68320,40215,1365,26740,34720,20815,750,13155,66080,39970,1625,24480,14815,3575,2760,265,550,4225,3630,360,235,3795,3270,290,240,1135,835,215,90,2080,1690,175,215,5345,1355,1055,90,215,1280,1005,60,215,1500,1130,200,165,530,420,4,105,680,455,35,185,2384,4228,4284,1519,931,141,1262,1713,1434,274,1049,2315,1960,493,1461,2030,1865,487,934,3775,3591,807,2067,711,217,218,97,32,248,244,136,28,502,477,109,38,263,229,111,28,453,369,315,53,340,138,136,22,21,85,72,43,28,170,160,66,28,167,151,40,28,176,157,82,52,3256,3085,1573,1229,205,1081,1859,1262,145,1081,2284,1693,270,1430,1445,1255,232,840,1868,1509,295,1310,944,449,359,157,171,527,474,183,107,482,466,105,92,220,183,102,67,324,297,86,107,683,261,231,79,114,381,334,52,136,322,299,130,100,164,157,6,67,174,160,30,85
2016thru2020,040,0400000US50,Vermont,50,262850,187375,185510,14160,4565,55,9540,18130,8080,230,9820,30470,17805,385,12275,21320,14385,340,6595,101435,79750,1470,20215,1210,60,45,15,0,130,85,45,0,345,290,55,0,120,65,40,15,560,370,185,0,650,45,30,10,0,40,40,0,0,115,95,0,15,195,125,55,15,260,195,20,40,75480,73190,19805,4405,230,15170,13740,5045,40,8655,16945,6295,140,10510,7090,2915,25,4150,15610,7145,185,8285,830,120,120,0,0,170,135,35,0,365,305,60,0,75,35,0,40,105,85,15,0,1455,300,205,30,65,310,185,4,120,470,405,0,65,115,60,4,50,265,165,0,100,1222,1782,1799,899,445,30,734,835,482,77,650,969,799,116,692,1008,848,117,525,1615,1472,222,1004,215,45,39,22,23,55,44,42,23,127,127,43,23,48,33,31,9,143,112,79,23,177,29,27,17,23,37,37,23,23,64,63,23,17,112,83,73,20,102,91,16,32,1550,1566,1131,537,89,973,904,630,48,597,921,618,62,785,529,307,18,490,867,561,91,692,173,72,72,23,23,77,57,53,23,124,119,42,23,65,28,23,59,56,53,23,23,287,117,91,36,69,103,97,5,80,172,164,23,60,77,50,23,61,108,84,23,61
2016thru2020,040,0400000US51,Virginia,51,3184120,2123770,2105140,139625,52110,2100,85415,167950,79595,4170,84185,271555,164875,7640,99040,207740,139060,7480,61195,1318275,1041795,38215,238265,15065,1410,1010,355,45,2295,1500,795,0,3025,2080,865,85,2270,1625,630,20,6060,3390,2660,10,3570,330,200,75,60,355,290,65,4,600,505,50,40,600,400,190,10,1680,1315,325,40,1060350,1017225,223070,87560,2915,132600,164755,80720,3180,80850,192935,96490,4755,91690,113915,55225,2400,56285,322555,169290,5925,147335,28510,7600,6635,870,90,6890,5950,875,65,4970,3980,910,75,2940,2460,380,95,6115,4885,960,270,14615,3960,3095,190,680,2845,1890,430,520,2375,1635,215,525,1535,1115,60,360,3905,2320,415,1170,7453,12829,12667,2477,1682,356,2128,3324,2135,476,2547,3789,3128,613,2390,3647,2950,632,1777,10074,9890,1534,3953,881,309,280,142,47,433,322,308,30,431,363,298,73,374,337,171,34,502,396,337,18,407,144,81,56,80,122,104,47,4,178,168,34,46,177,163,88,14,284,259,113,32,8474,8289,3721,2525,408,3013,3877,2685,492,2459,3673,2662,601,2285,2502,1956,411,1862,4587,3161,706,2849,1476,809,724,265,55,807,748,241,45,561,501,230,66,449,426,179,86,606,552,259,114,993,526,454,94,205,477,362,212,186,412,308,160,166,309,261,43,159,463,364,194,327
2016thru2020,040,0400000US53,Washington,53,2905820,1838060,1804735,122860,48445,1480,72935,142890,72500,3465,66925,246305,154465,5935,85905,192795,132990,6185,53625,1099890,873560,29980,196350,25010,1795,1465,320,10,3340,2915,415,10,6730,5420,1260,50,3785,2700,1025,65,9360,6305,2885,175,8315,875,750,50,75,965,775,165,30,1720,1185,410,125,825,615,150,65,3925,2540,885,500,1067765,1002165,215060,68270,1800,144995,167565,71310,2715,93540,195640,92825,3100,99710,113650,54070,1965,57615,310250,155315,4575,150360,39415,8435,7730,615,95,9615,8775,725,115,10000,8400,1350,250,4260,3760,475,30,7105,5225,1150,725,26185,5415,4110,180,1120,5555,4430,195,935,5060,3110,600,1350,3010,1550,245,1220,7140,4185,400,2555,5590,9073,9326,2406,1812,290,1952,2964,2140,512,1940,3335,2923,624,2159,3611,2726,659,1839,7708,7330,1229,3417,1504,372,315,150,15,437,423,116,22,708,656,281,52,568,457,251,58,748,611,353,191,846,255,252,43,61,196,190,77,25,325,298,146,80,275,237,74,52,581,495,255,189,6810,6580,4000,2276,321,2936,3396,2338,432,2513,3386,2529,503,2681,2680,1733,411,2299,4471,3095,604,3251,1635,844,843,193,81,822,803,229,60,898,872,263,137,560,540,177,32,785,677,270,246,1215,509,418,119,285,627,639,107,240,562,517,259,252,480,347,87,344,784,512,143,554
2016thru2020,040,0400000US54,West Virginia,54,734235,540785,535920,44855,16330,905,27625,54550,24900,1315,28335,91140,51880,2110,37150,54465,36195,1805,16465,290910,229530,8335,53045,3835,425,270,145,10,465,230,230,4,885,470,415,0,305,270,40,0,1750,1205,535,4,1035,80,55,10,15,35,10,25,0,300,175,70,60,80,65,0,15,540,460,30,50,193450,188785,54285,19320,435,34525,35530,14995,540,19995,36370,17310,625,18435,17635,8230,460,8945,44965,25595,810,18560,2930,850,805,45,0,640,500,145,0,740,655,85,0,160,125,35,0,540,415,50,70,1730,560,430,0,130,200,180,0,15,255,165,15,75,340,110,0,225,385,280,10,90,2810,3541,3534,1711,829,222,1503,1566,1122,300,1142,2257,1744,311,1494,1586,1350,336,895,3653,3539,716,1821,426,144,122,73,15,140,99,84,10,220,182,160,29,130,125,35,29,360,308,178,7,236,60,54,14,25,33,15,29,29,136,103,62,74,55,49,29,24,177,161,27,72,3058,2999,1805,1174,135,1328,1499,1040,154,1030,1812,1065,202,1307,1080,680,150,827,1872,1449,212,1322,382,222,218,42,29,198,160,111,29,215,212,61,29,88,76,43,29,203,223,42,77,348,168,158,29,77,96,89,29,20,98,81,25,45,254,97,29,229,163,143,19,82
2016thru2020,040,0400000US55,Wisconsin,55,2377935,1596500,1580495,99950,33730,675,65545,135695,64070,1400,70225,258465,155485,3790,99190,185720,129790,3220,52710,900665,732310,13805,154550,12925,1195,1010,180,4,1575,1425,140,10,3355,2870,440,45,1930,1585,305,40,4865,3745,1030,90,3080,375,300,70,10,420,385,10,20,615,555,30,35,355,260,80,15,1315,945,195,180,781435,758875,187295,53050,1390,132860,148445,55070,1600,91775,174995,73035,2200,99760,83430,36480,1470,45480,164705,79255,2100,83350,16185,4570,3965,325,275,3820,3400,240,180,3790,3395,325,70,1560,1395,155,10,2445,1870,335,240,6375,1950,1525,20,405,1270,840,65,370,1355,805,75,475,625,385,0,240,1170,680,65,420,5710,8011,7986,2112,1189,138,1781,2255,1749,211,1669,2926,2106,387,2138,2667,2280,376,1527,6338,6089,696,2383,681,187,161,110,4,256,238,58,14,377,337,129,54,280,263,90,30,409,335,187,44,321,114,100,53,14,130,127,15,17,114,106,22,25,128,76,84,14,195,172,74,78,4409,4396,2905,1763,242,2513,2822,1809,255,2544,3016,2046,340,2437,1925,1312,283,1479,2768,2080,398,2060,983,607,587,104,136,487,470,106,107,451,421,125,40,287,274,78,13,332,274,149,139,686,403,355,17,180,302,227,49,192,271,206,50,165,175,133,22,111,268,216,60,151
2016thru2020,040,0400000US56,Wyoming,56,233230,165530,163120,12585,4600,140,7845,14540,6925,110,7510,26345,16650,510,9180,19595,13655,260,5685,90050,71560,1945,16540,1785,195,170,25,0,305,285,20,0,480,455,25,0,290,260,30,0,515,410,110,0,625,10,4,4,0,30,25,4,0,255,160,90,10,75,75,4,0,250,190,50,15,67700,65410,15580,4365,60,11155,12245,4485,40,7725,14655,7075,160,7425,6545,3010,40,3500,16385,9110,135,7135,1630,360,320,25,15,525,405,100,20,420,400,20,0,95,75,20,0,225,215,10,0,660,135,65,10,60,225,225,0,0,35,20,0,15,100,100,0,0,165,120,4,45,1535,1787,1831,766,500,83,606,836,578,57,694,1266,1058,127,734,1030,857,111,584,1925,1727,371,919,322,107,100,27,29,122,120,18,29,195,193,24,29,118,113,22,29,176,146,84,29,175,12,29,6,29,29,29,12,29,120,96,60,17,68,70,4,29,99,82,41,24,1697,1677,1008,549,49,899,974,503,35,730,980,672,84,772,629,435,32,433,975,746,58,638,358,155,152,45,31,204,204,80,33,190,188,18,29,72,67,22,29,112,114,12,29,241,102,67,14,76,132,132,29,29,33,23,29,23,119,119,29,29,125,116,29,54
2016thru2020,040,0400000US72,Puerto Rico,72,1205750,817400,798965,86970,39920,2480,44570,76295,35900,2680,37715,124875,71720,4470,48690,71940,47850,2945,21145,438880,329450,19795,89635,14380,1680,960,720,0,1415,800,610,0,2330,1225,1105,0,1660,975,685,0,7295,4140,3150,4,4050,465,230,240,0,310,180,110,20,565,345,215,10,285,235,40,10,2420,1665,600,155,388350,375150,126605,69200,2520,54885,52480,26995,1095,24390,64470,35190,1455,27825,30170,17320,825,12025,101430,65260,2520,33645,9905,3230,2560,630,40,1450,1155,265,30,1790,1440,340,10,1090,925,165,0,2345,1840,505,0,3300,1235,965,105,165,370,295,65,10,615,480,50,85,230,185,40,4,850,505,155,190,3648,4067,4124,2250,1482,359,1685,1914,1331,385,1321,2439,2022,502,1525,1866,1496,439,1076,4096,3716,1056,2032,953,315,250,213,34,324,237,189,34,437,285,307,34,339,289,183,34,593,433,434,12,433,151,95,130,34,126,103,62,23,143,118,125,12,97,94,44,19,322,249,151,73,4020,4101,2586,1967,345,1834,1939,1421,261,1157,2050,1614,319,1155,1532,1004,225,901,2636,2050,381,1708,811,416,384,233,49,280,245,154,47,346,318,139,13,277,263,98,34,361,351,175,34,435,267,249,57,88,145,141,45,13,170,153,43,74,92,90,43,7,218,171,101,80
